id,label,left_title,right_title,left_locale,right_locale
945,1,Air Jordan 5 Low “Dunk From Above” White/Metallic Gold Star-Midnight Navy For Sale@en-US Sale | New Jordans 2016@en-US,2016 Air Jordan 5 Low “Dunk From Above” White/Metallic Gold Star-Midnight Navy For Sale@en-US Sale | Retro Shoes@en-US,en-us,en-us
864,0,NIKE AIR ZOOM PEGASUS 33@en 33 - WOMAN RUNNING SHOES Nike colour Black 831356 001 Athletic footwear apparel and sports equipment@en,Nike Air Zoom Pegasus 33 - Wolf Grey/Black/Dark Grey/Photo Blue@en  Nike Blue Mens Shoes 831352-004 @en,en,en
714,0,Nike Sportswear Womens Benassi Just Do It - Black@en  Shoes Nike Black 343881-011 @en,Nike Sportswear Womens Air Max 1 Mid Sneakerboot - Black@en  Nike Shoes Black / Gum Med Brown @en,en,en
810,1,Nike Air Max 90 Flash GS (807626-001)@de,Nike Air Max 90 Flash GS@en GS Black Summit White 807626-001 - Purchaze@en,de,de
580,0,Nike Free RN - Black/White-Anthracite@en  Nike Black/White-Anthracite Mens Shoes 831508-001 @en,Nike Free Run Flyknit - Black/White@en  Nike Black/White Mens Shoes 831069-001 @en,en,en
26,0,ASICS Gel-Quantum 360 Knit - White/Snow/Silver@en  ASICS White/Snow/Silver Mens Shoes T728N-0100 @en,FUZEX@en-it FUZEX | Women Women's Easy Running Shoes ASICS@en-it,en,en
979,0,Nike Kids Hypervenom Phantom II FG - Volt/Black/Hyper Turquoise@en  Nike Junior Boots Firm Ground Turquoise @en,Nike Tiempo Genio II Leather FG - Black/White/Metallic Gold@en  Nike Mens Boots Firm Ground Gold @en,en,en
530,0,Puma BOG Sock Core high risk red (362038-03)@eu (362038-03) | Bludshop.com@eu,Puma R698 Core Leather black-black-drizzle (360601-02)@eu (360601-02) | Bludshop.com@eu,eu,eu
654,0,Nike Sportswear Just Do It Benassi - Midnight Navy@en  Mens Shoes Nike Navy 343880-403 @en,Nike Sportswear Benassi JDI - Black@en  Mens Shoes Nike Black 343880-090 @en,en,en
106,0,Puma Kids evoPOWER 4.3 FG - Blue Yonder/Puma White/Shocking Orange@en  Puma Orange Junior Boots Firm Ground @en,Puma Esito Classico FG - White/Black@en  Puma Mens Boots Firm Ground White/Black @en,en,en
623,0,Concave Quantum + FG - White/Lime@en  Concave Mens Boots Firm Ground White/Lime @en,Concave Quantum+ FG - White/Pink@en  Concave Mens Boots Firm Ground White/Pink @en,en,en
642,0,Nike mercurial victory iv fg@bg football shoes fg Nike - Обувки Футбол Спортна екипировка | TEMPO STORES Онлайн магазин@bg,Nike mercurial victory v fg@bg football shoes fg Nike - Футболни обувки Обувки Мъже | TEMPO STORES Онлайн магазин@bg,other,other
843,0,Nike Damen Air Zoom Pegasus 33 - Marineblau/Silber/Karminrot@de  Nike Womens Damenschuhe Marineblau/Silber/Karminrot @de,Nike Air Zoom Pegasus 33 - Concord/White-Black-Electric Green@en  Nike Mens Shoes Green @en,de,de
210,0,Nike Metcon 2 - Black/White/Wolf Grey/Volt@en  Nike Mens Shoes Regular Training Grey/Volt @en,Nike Metcon 1 - Volt/White/Black/Pure Platinum@en  Nike Mens Shoes Platinum @en,en,en
535,0,Air Jordan 4 Retro “Motorsports” (#308497-117)@en-US (#308497-117) | SobeSoles.com@en-US,Air Jordan 11 Retro Low “University Blue” (#528895-106)@en-US (#528895-106) | SobeSoles.com@en-US,en-us,en-us
48,1,Nike Boys Roshe One (GS) - Black@en  Nike Black/Metallic Silver-White-White Shoes 599728-021 @en,Nike Roshe One GS@en GS Black Metallic Silver White 599728-021 - Purchaze@en,en,en
578,1,Air Jordans 6 Retro “Champagne Bottle” Pro Green/Metallic Gold-Chilling Red-Black@en-US Red-Black | 2017 Air Jordan Shoes@en-US,Air Jordan 6 Retro champagne @en - New Arrivals – The Sneaker Authority@en,en-us,en-us
469,1,Nike Womens Free 5.0 - Black/White-Dark Grey-Dove Grey-Wolf Grey@en  Nike Shoes Grey @en,Nike Free 5.0 para mujer-Negro/Blanco/Gris@es  Nike mujer-Zapatillas de correr Nike-Negro-Blanco-Gris @es,en,en
10,0,Nike Zoom Structure 19 Comp Pack Men's Running Shoes SP16 007@en 007 · Nike Moderate Support Trai ah@en,Nike Zoom Structure 19 Comp Pack Women's Running Shoes SP16 107@en 107 · Nike Moderate Support Tr ah@en,en,en
692,1,Nike Metcon 2 - Black/White/Wolf Grey/Volt@en  Nike Mens Shoes Regular Training Grey/Volt @en,Nike Metcon 2 - Negro/Blanco/Gris lobo/Volt@es  Nike Zapatillas de deporte-Negro/Blanco/Gris lobo/Volt @es,en,en
401,0,Nike Kids Mercurial Victory V FG - White/Black/Volt/Total Orange@en  Nike Junior Boots Firm Ground Orange @en,Nike Mercurial Victory V FG - White/Volt/Hyper Pink/Black@en  Mens Rugby Boots Nike Firm Ground Pink/Black 651632-170 @en,en,en
698,0,Nike Girls Lunarglide 7 (GS) - Black/Metallic Silver-White-Pink Pow@en  Nike Pow Shoes 747966-001 @en, LOAFER METALLIC SHOE @en-GB LOAFER - GOLD Penelope Chilvers@en-GB,en,en
646,0,Nike Tiempo Genio II Leather TF - White/Black/Electro Green@en  Nike Mens Boots Turf Trainer 819216-103 Green @en,Nike Free Hypervenom - Black/Black/Dark Grey/Metallic Zinc@en  Boys Shoes Nike Zinc 705390-001 @en,en,en
615,0,Nike Mercurial Veloce III Ronaldo FG - Seaweed/Volt/Hasta/White@en  Nike Mens Soccer Cleats Firm Ground Seaweed/Volt/Hasta/White @en,Nike Mercurial Superfly V Ronaldo FG - Seaweed/Volt/Hasta/White@en  Nike Mens Boots Firm Ground Seaweed/Volt/Hasta/White @en,en,en
378,0,Nike Sportswear Air Force 1 - Midnight Navy@en  Mens Shoes Nike Navy 488298-436 @en,Nike Sportswear Lunar Force 1 Duckboot - Medium Olive@en  Mens Shoes Nike Olive / 805899-201 @en,en,en
969,0,Nike Metcon 1 - Volt/White/Black/Pure Platinum@en  Nike Mens Shoes Platinum @en,Concave Volt 1.0 SG - Black/White@en  Concave Mens Boots Soft Ground Black/White @en,en,en
424,0,Nike Sportswear Boys Roshe One - Black@en  Shoes Nike Black / Cool Grey 599728-020 @en,Nike Metcon 3 - Black@en-GB  Nike Black Mens Shoes 852928-002 @en-GB,en,en
942,0,Air Jordan 14 Retro Low “Laney” Varsity Royal/Varsity Maize-Black-White For Sale@en-US Sale | Cheap Jordans 2017@en-US,Adidas Icon 3 Men's Mid Trainer Shoes - Black/White/Onix@en Running and Training@en,en-us,en-us
516,1,Puma BOG Sock Core high risk red (362038-03)@eu (362038-03) | Bludshop.com@eu,Puma BOG Sock Core - High Risk Red@en  Mens Shoes Puma Red 362038-03 @en,eu,eu
874,1,Asics Gel Kayano 24 Lite Show Mens Running Shoes - Black@en Black | Start Fitness@en,GEL-KAYANO 24 LITE-SHOW@en-nl LITE-SHOW | Men Road Running ASICS@en-nl,en,en
554,0,Vans Classic Slip-On black (VN-0EYEBLK)@eu (VN-0EYEBLK) | Bludshop.com@eu,Puma Suede Classic+ - Black@en  Mens Shoes Puma Black 352634-03 @en,eu,eu
115,0,Nike Kids Mercurial Vapor XI Ronaldo IC - Seaweed/Volt/Hasta/White@en  Nike MercurialX Mens Boots Indoor Seaweed/Volt/Hasta/White @en,Nike MercurialX Proximo II Ronaldo IC - Seaweed/Volt/Hasta/White@en  Nike Mens Boots Indoor Seaweed/Volt/Hasta/White @en,en,en
824,1,Nike Sportswear Air Max LD Zero - Black@en  Mens Shoes Nike Black / Black-Dark Grey 848624-005 @en,Nike Sportswear Air Max LD Zero - Negro@es  Zapatillas de hombre-Nike Negro 848624-005 @es,en,en
90,0,Nike WMNS Air Pegasus '89 black / summit white-wolf grey (84488-001)@eu (84488-001) | Bludshop.com@eu,Nike Sportswear Air Force 1 07 - Black@en  Mens Shoes Nike Black 315122-001 @en,eu,eu
547,0,Asics Womens Fuze X - Diva Pink/White/Carbon@en  Asics Shoes Pink/White/Carbon @en,Asics Fuze X Lyte 2 - Blu Thunder/Nero/Bianco@it  Asics Scarpe Uomo Thunder/Nero/Bianco @it,en,en
879,1,GEL-QUANTUM 360 KNIT@en-es KNIT | Men Easy Running ASICS@en-es,GEL-QUANTUM 360 KNIT@en-it KNIT | Men Men's Easy Running Shoes ASICS@en-it,en-es,en-es
740,1,ASICS GEL NOOSA TRI 11@en 11 - MAN RUNNING SHOES Asics colour Multicolor T626N 9601 Athletic footwear apparel and sports equipment@en,GEL-NOOSA TRI 11@de-at GEL-NOOSA TRI 11 | Men Fast Running ASICS@de-at,en,en
54,0,Vans Classic Slip-On black (VN-0EYEBLK)@eu (VN-0EYEBLK) | Bludshop.com@eu,Puma Suede Classic+ - Black@en  Mens Shoes Puma Black 352634-03 @en,eu,eu
177,0,Nike Metcon 2 - Black/White/Wolf Grey/Volt@en  Nike Mens Shoes Regular Training Grey/Volt @en, Keen Clearwater CNX Black/Yellow @fr Keen - be_fr@fr,en,en
650,0,Jordan Air Jordan 1 Retro High - Gym Red@en  Mens Shoes Red 332550-602 @en,Air Jordan 4 Retro 11Lab4 “Red Patent Leather” Shoes For Sale@en-US Sale | Shoes@en-US,en,en
480,0,Nike Womens Air Zoom Pegasus 32 - Hyper Violet/Gamma Blue-White-Black@en  Nike Shoes Blue-White-Black @en,Nike Sportswear Womens Air Force 1 Low Upstep BR - White@en  Shoes Nike White 833123-100 @en,en,en
351,0,Nike Hypervenom Phelon II FG - Metallic Red Bronze/Black/Green Glow/White@en  Nike Mens Soccer Shoes Firm Ground Glow/White @en,Nike Hypervenom Phelon II FG - White/Black/Total Orange/Volt@en  Nike Mens Soccer Cleats Firm Ground Orange/Volt @en,en,en
511,1,Nike Team Hustle D 7 (GS) (747998-007)@es-ES (747998-007) - footstop@es-ES,NIKE TEAM HUSTLE D 7@en apparel and sports equipment@en 7 - MAN BASKETBALL SHOES Nike colour Black 747998 007 Athletic footwear,es-es,es-es
854,0,ASICS GEL NOOSA TRI 11@en 11 - MAN RUNNING SHOES Asics colour Multicolor T626N 9601 Athletic footwear apparel and sports equipment@en,Asics Fuze X - Negro/Blanco/Onix@es  Asics -Zapatillas de correr- Negro/Blanco/Onix @es,en,en
911,0,Nike Sportswear Roshe One - Wolf Grey@en  Mens Shoes Nike Grey 511881-023 @en,Nike Sportswear Tech Fleece Pant - Carbon Heather@en-GB  Mens Clothing Nike Heather/Black 832120-091 @en-GB,en,en
725,1,Puma evoPOWER 2.2 FG - Bianco/Eclisse Totale/Lava Blast@it  Puma Scarpe Uomo Terreni Compatti Bianco-Eclisse Totale-Lava Blast @it,Puma evoPOWER 2.2 FG - White/Total Eclipse/Lava Blast@en  Puma Mens Boots Firm Ground Blast @en,it,it
72,0,Nike Free RN Distance Mens Running Shoes - Black@en Black | Start Fitness@en,Nike Sportswear Womens Classic Cortez Nylon - Black@en  Shoes Nike Black / White 749864-011 @en,en,en
182,1,Puma evoPOWER 2.2 FG - Blanc/Eclipse Totale/Lave@fr  Puma chaussures homme terrain sec blanc-eclipse totale-lave @fr,Puma evoPOWER 2.2 FG - White/Total Eclipse/Lava Blast@en  Puma Mens Boots Firm Ground Blast @en,fr,fr
405,0,Nike Hypervenom Phatal II Df Ltr FG - Black/Black-Total Orange-Total Orange@en  Nike Mens Football Boots Firm Ground Orange @en,Nike Hypervenom Phatal II DF FG - White/Black/Total Orange/Volt@en  Nike Mens Boots Firm Ground Orange/Volt @en,en,en
332,0,Nike Sportswear Air Presto - Racer Blue@en  Mens Shoes Nike Blue 848132-401 @en, Therm-A-Rest Lumbar Pillow Nautical Blue @en Therm-A-Rest - ie@en,en,en
367,0,Asics Womens Gel-Noosa Tri 11 White Noise - White/White/Black@en  Asics Shoes White/White/Black @en,Asics Gel-Noosa Tri 11 (T676Q-0101)@es-ES (T676Q-0101) - footstop@es-ES,en,en
978,0,Puma evoSPEED 1.2 K FG - Blue/Peach@en  Puma Soccer Shoes Firm Ground Cleats Sharks Blue-Fluro Peach @en,Puma evoSPEED 4.2 AG Junior - Blue/Peach@en  Puma Football Boots Artificial Ground Kids Soccer Cleats Sharks Blue-Fluro Peach @en,en,en
200,0,Nike Tiempo Mystic V FG - Clear Jade/Black/Volt@en  Nike Mens Soccer Cleats Firm Ground Jade/Black/Volt @en,Nike Tiempo Legend VI FG - Clear Jade/Black/Volt@en  Nike Mens Boots Firm Ground Jade/Black/Volt @en,en,en
728,0,ASICS Tiger GEL-Kayano Trainer Knit MT - Black@en  Mens Shoes ASICS Black H7P4N-9090 @en,New Balance 247 - Navy@en  Mens Shoes New Navy MRL247RB @en,en,en
517,0,Puma evoSPEED 4.5 Tricks FG - Pink Glo/Safety Yellow/Black@en  Puma Mens Shoes Firm Ground Yellow/Black @en,Puma King Top i FG Junior - Blk/Wht/Gold@en  Puma Rugby Boots Black-White-Team Gold @en,en,en
884,0,Nike Womens Air Zoom Pegasus 32 - Hyper Violet/Gamma Blue-White-Black@en  Nike Shoes Blue-White-Black @en,Nike Air Zoom Winflo 3 - Noir/ Blanc/ Anthracite@fr  Nike chaussures pour homme noir blanc anthracite @fr,en,en
662,1,NIKE AIR ZOOM STRUCTURE TRIAX@en TRIAX - WOMAN RUNNING SHOES Nike colour Pink 806584 500 Athletic footwear apparel and sports equipment@en,Nike Womens Air Zoom Structure 19 - Hyper Violet/White-Gamma Blue-Photo Blue@en  Nike Shoes Blue @en,en,en
741,0,ASICS Gel Saga Winter Trail - Black@en  Mens Shoes ASICS Black H5T4N-9090 @en,Nike Sportswear Air Max Tavas - Black / White@en  Mens Shoes Nike White 705149-009 @en,en,en
616,0,Nike Sportswear Air Force 1 - Midnight Navy@en  Mens Shoes Nike Navy 488298-436 @en,Nike Sportswear Air Max 1 Ultra SE - Pure Platinum@en  Mens Shoes Nike Platinum 845038-004 @en,en,en
922,0,Nike WMNS Air Max 90 Essential white / light brown crimson (616730-113)@eu (616730-113) | Bludshop.com@eu,Nike WMNS Air Max 90@en 90 Black 325213-043 - Purchaze@en,eu,eu
542,0,Nike Mercurial Victory V Firm Ground Mens Football Boots - Orange@en Orange | Start Fitness@en,Nike Mercurial Victory Firm Ground Mens Football Boots - Yellow@en V | Start Fitness@en,en,en
239,0,GEL-NIMBUS 19@en-es 19 | Women Women's Road Running Shoes ASICS@en-es,GEL-CUMULUS 19@fr-be 19 | Women Women's Road Running Shoes ASICS@fr-be,en-es,en-es
702,0,Nike Mercurial Victory IV FG - Yellow/Black/Lime@en  Nike Soccer Shoes Firm Ground Cleats Vibrant Yellow-Black-Neo Lime @en,Nike Train Speed 4 - Black/Blue Glow/White@en  Nike Mens Shoes Regular Training Glow/White @en,en,en
853,0,Nike Tiempo Legend VI SG-Pro - Black/White/Black/Metallic Gold@en  Nike Mens Boots Soft Ground Gold @en,Nike Kids Tiempo Legend VI FG - Black/White/Metallic Gold@en  Nike Junior Boots Firm Ground Gold @en,en,en
697,0,ASICS GEL NOOSA TRI 11@en 11 - MAN RUNNING SHOES Asics colour Multicolor T626N 9601 Athletic footwear apparel and sports equipment@en,GEL-FORTITUDE 7@fr-fr GEL-FORTITUDE 7 | Women CHAUSSURES DE COURSE À PIED POUR FEMMES ASICS@fr-fr,en,en
591,0,Nike Hypervenom Phatal II Df Ltr FG - Black/Black-Total Orange-Total Orange@en  Nike Mens Football Boots Firm Ground Orange @en,Nike Flex 2016 RN - Black/White-Cool Grey@en  Nike Grey Mens Shoes 830369-001 @en,en,en
379,0,Nike Sportswear Air Max 90 Ultra Essential - White@en  Nike Mens Shoes White / Cool Grey Infrared Black @en,Nike Air Max Zero Essential - Black@en  Mens Shoes Nike Black 876070-010 @en,en,en
919,0,Nike Lunarglide 7 - Black/Summit White/Anthracite@en  Nike Mens Shoes White/Anthracite @en,Nike Free Run - Concord/Black-Hyper Cobalt-Photo Blue@en  Nike Blue Mens Shoes 831508-400 @en,en,en
213,0,NIKE AIR ZOOM FIT 2@en 2 - WOMAN TRAINING SHOES Nike colour Black 819672 001 Athletic footwear apparel and sports equipment@en,Nike Sportswear Free Hypervenom 2 - Black@en  Mens Shoes Nike Black 747139-010 @en,en,en
553,0,Nike Zoom Speed TR3 - Black/White@en  Mens Shoes Nike Black/White 804401-017 @en,Nike HypervenomX Finale TF - Volt/Black/Hyper Turquoise@en  Nike Mens Soccer Cleats Turf Trainer Turquoise @en,en,en
104,0,Nike Mercurial Victory V Firm Ground Mens Football Boots - Orange@en Orange | Start Fitness@en,Concave Volt + SG - Black/Pink@en  Concave Mens Soccer Cleats Soft Ground Black/Pink @en,en,en
704,0,Nike Kids Hypervenom Phantom II FG - Volt/Black/Hyper Turquoise@en  Nike Junior Boots Firm Ground Turquoise @en,Puma King Top M.I.I FG - Black/White/Team Gold@en  Puma Mens Boots Firm Ground Gold @en,en,en
896,1,Puma evoPOWER 1.3 FG - Jaune/ Noir/ Bleu Atomique@fr  Puma chaussures pour homme terrain sec jaune noir bleu atomique @fr,Puma evoPOWER 1.3 FG - Safety Yellow/Black/Atomic Blue@en  Puma Mens Shoes Firm Ground Blue @en,fr,fr
36,1,Buty Nike Junior Mercurial Vapor X FG - Szkarłatny/Perski fiolet/Czarny@pl  Dziecięce buty piłkarskie Korki Intense Heat Twarde podłoże Trawa naturalna Lanki 651620-650 Szkarłatny-Perski fiolet-Czarny @pl,Nike Jr Mercurial Vapor X FG - Bright Crimson/Persian Violet/Black@en  Junior Football Boots Nike Firm Ground Violet/Black @en,pl,pl
96,0,Nike Sportswear Roshe One - Midnight Navy@en  Mens Shoes Nike Navy 511881-405 @en,Nike Free Run Distance - Black/White-Dark Grey-Wolf Grey@en  Nike Grey Mens Shoes 827115-010 @en,en,en
664,0,Nike Hypervenom Phelon II FG - Metallic Red Bronze/Black/Green Glow/White@en  Nike Mens Soccer Shoes Firm Ground Glow/White @en,Concave Halo+ Microfibre FG - White/Pink@en  Concave Mens Boots Firm Ground White/Pink @en,en,en
249,0,Nike Premier FG Boots - Black/White@en  Nike Football The Black-White Firm Ground Mens 599427-018 @en,Nike Tiempo Legend V FG - Black/Volt/White@en  Nike Football Boots Firm Ground Soccer Cleats Black-Volt-White @en,en,en
787,1,Nike Womens Air Zoom Pegasus 32 - Hyper Violet/Gamma Blue-White-Black@en  Nike Shoes Blue-White-Black @en,Nike Air Zoom Pegasus 32 Women's Running Shoes SU16 501@en 501 · Nike Neutral Trainers ah@en,en,en
268,1,Nike Sportswear Air Presto - Racer Blue@en  Mens Shoes Nike Blue 848132-401 @en,Sneakers buty Nike Air Presto racer blue / white-black (848132-401)@pl (848132-401) | Bludshop.com@pl,en,en
732,0,GEL-NIMBUS 19@en-es 19 | Women Women's Road Running Shoes ASICS@en-es,Adidas Velleio Men's Shoes - White/Black/Silver@en Running and Training@en,en-es,en-es
828,0,2017 Air Jordan 13 Retro “Chicago” White/Black-Team Red Shoes For Sale@en-US Sale | Shoes@en-US,Air Jordans 9 “Fontay Montana” For Sale@en-US Sale | 2017 Air Jordan Shoes@en-US,en-us,en-us
674,0,Asics Gel-Lyte III (H63QQ-2323)@eu (H63QQ-2323) | Bludshop.com@eu,ASICS GEL-Lyte V Ugly Christmas Jumper - Dark Green@en  Mens Shoes ASICS Tiger Green / Duffle Bag H6R2L-8082 @en,eu,eu
105,1,Nike Zoom Speed TR3 -Negro/Blanco@es  Nike -Zapatillas para hombre-Negro-Blanco @es,Nike Zoom Speed TR3 - Noir/ Blanc@fr  Nike chaussures pour homme noir-blanc @fr,es,es
472,0,Nike Tiempo Genio II Leather TF - White/Black/Electro Green@en  Nike Mens Boots Turf Trainer 819216-103 Green @en,Nike HyperVenomX Finale TF - White/Black/Green Glow/White@en  Nike Mens Boots Turf Trainer Glow/White @en,en,en
974,0,Nike HypervenomX Proximo IC - Metallic Red Bronze/Black/White@en  Nike Soccer Cleats Indoor Bronze/Black/White @en,Nike MagistaX Proximo IC - Black/Volt/Racer Blue@en  Nike Mens Soccer Cleats Indoor Blue @en,en,en
868,1,Puma evoPower 4.2 Firm Ground Junior Football Boots - Grey@en | Start Fitness@en,Puma evoPOWER 4.2 FG JR - Peacoat-White-Bright Plasma@en  Junior Puma Football Boots Firm Ground Kids Soccer Cleats Plasma 10322801 @en,en,en
663,1,Klapki klapki Nike WMNS Benassi Jdi black white (343881-011)@pl (343881-011) | Bludshop.com@pl,Nike WMNS Benassi Jdi black / white (343881-011)@eu (343881-011) | Bludshop.com@eu,pl,pl
562,0,2017 Air Jordan 1 Retro High OG “Royal” Black/Varsity Royal-White For Sale@en-US Sale | New Jordans 2017@en-US,2017 Nike Air Jordan 13 Retro “Chicago” White/Black-Team Red For Sale@en-US Sale | New Jordans 2017@en-US,en-us,en-us
734,1,Vans Classic Slip-On black (VN-0EYEBLK)@eu (VN-0EYEBLK) | Bludshop.com@eu,Sneakers buty Vans Classic Slip-On black (VN-0EYEBLK)@pl (VN-0EYEBLK) | Bludshop.com@pl,eu,eu
710,1,Nike WMNS Air Pegasus '89 black / summit white-wolf grey (84488-001)@eu (84488-001) | Bludshop.com@eu,Sneakers buty Nike WMNS Air Pegasus '89 black / summit white-wolf grey (84488-001)@pl (84488-001) | Bludshop.com@pl,eu,eu
271,0,Nike Sportswear Air Max LD Zero - Black@en  Mens Shoes Nike Black / Black-Dark Grey 848624-005 @en,Nike Air Max 90 Essential - White@en  Mens Shoes Nike White 537384-111 @en,en,en
58,1,Puma Suede Classic+ - Team Regal Red@en  Mens Shoes Puma Red 352634-05 @en,Puma Suede Classic Eco - Rouge Equipe/ Blanc@fr  Puma chaussures football hommes rouge equipe-blanc @fr,en,en
128,0,Asics Fuze X - Asics Blue/Blue/Hot Orange@en  Mens Shoes Orange @en,Asics Fuze X Lyte 2 - Thunder Blue/Black/White@en  Asics Blue/Black/White Mens Shoes T719N-4990 @en,en,en
715,1,Concave Halo+ Kids FG - Blue/White@en  Concave Junior Boots Firm Ground Blue/White @en,Concave Junior Halo+ FG - Blu/Bianco@it  Concave Scarpe Terreni Compatti Blu/Bianco @it,en,en
410,0,Asics Gel-Zaraca 4 - Black/Onyx/Flash Yellow@en  Asics Mens Shoes Yellow @en,Asics Womens Gel-Cumulus 17 - Deep Cobalt/Turquoise/Dutch Blue@en  Asics Shoes Blue @en,en,en
69,1,Air Jordan 4 Retro “Pure Money” White/Metallic Silver-Pure Platinum For Sale@en-US Sale – Hoop Jordan@en-US,Air Jordan 4 Retro “Pure Money” (#308497-100)@en-US (#308497-100) | SobeSoles.com@en-US,en-us,en-us
262,0,Nike Roshe Two@en Two Black 844656-001 - Purchaze@en,Nike WMNS Roshe Two@en Two Black 844931-004 - Purchaze@en,en,en
282,1,NIKE AIR MAX 90 ESSENTIAL 537384-090@it,Nike Air Max 90 Essential@en Essential Black 537384-090 - Purchaze@en,it,it
600,0,Nike Air Zoom Pegasus 33 Women's Running Shoes FA16 001@en 001 · Nike Neutral Trainers ah@en,Nike Air Zoom Pegasus 33 - Black/White/Anthracite/Cool Grey@en  Nike Grey Mens Shoes 831352-001 @en,en,en
520,0,Nike Sportswear Air Max 1 (GS) - Black / Vivid Pink White@en  Nike Girls Shoes White @en,Nike Sportswear Air Max 90 Ultra Moire - Black@en  Nike Mens Shoes Black @en,en,en
333,0,Nike Hypervenom Phelon II FG - Metallic Red Bronze/Black/Green Glow/White@en  Nike Mens Soccer Shoes Firm Ground Glow/White @en,Ariat Men's Fuse Rodeo Red Mesh Shoes@en Shoes | Boot Barn@en,en,en
703,1,Nike Womens Air Zoom Pegasus 33 - Black/White/Anthracite/Cool Grey@en  Nike Grey Shoes 831356-001 @en,NIKE AIR ZOOM PEGASUS 33@en 33 - WOMAN RUNNING SHOES Nike colour Black 831356 001 Athletic footwear apparel and sports equipment@en,en,en
776,0,Air Jordan 14 Retro Low “Laney” Varsity Royal/Varsity Maize-Black-White For Sale@en-US Sale | Cheap Jordans 2017@en-US,Nike Air Zoom Pegasus 33 Women's Training Shoes - Black/White/Cool Gray@en Clearance Footwear@en,en-us,en-us
855,0,Cheap Air Jordan 11 (XI) “Midnight Navy” Black Friday 378037-123 For Sale@en-US Sale | Retro Shoes@en-US,All White Air Jordan 4 Retro “Pure Money” 2017 Cheap Sale@en-US Sale | Jordans 2017@en-US,en-us,en-us
748,0,Nike Tiempo Mystic V FG - Clear Jade/Black/Volt@en  Nike Mens Soccer Cleats Firm Ground Jade/Black/Volt @en,Nike Tiempo Mystic V FG - Black/White/Hyper Orange/Volt.@en  Nike Mens Boots Firm Ground Orange/Volt @en,en,en
202,0,Nike Tiempo Legacy II FG - Black/White/Metallic Gold@en  Nike Mens Boots Firm Ground Gold @en,Nike Tiempo Legacy II FG - Clear Jade/Black/Volt@en  Nike Mens Boots Firm Ground Jade/Black/Volt @en,en,en
306,1,Asics Gel-Zaraca 4 - Black/Onyx/Flash Yellow@en  Asics Mens Shoes Yellow @en,Asics Gel-Zaraca 4 - Zwart/Onyx/Geel@nl  Asics Heren Hardloopschoenen Zwart-Onyx-Geel @nl,en,en
269,1,ASICS GEL-Kayano Trainer Knit MT - Schwarz@de  ASICS Schwarz Herren Schuhe @de,ASICS Tiger GEL-Kayano Trainer Knit MT - Black@en  Mens Shoes ASICS Black H7P4N-9090 @en,de,de
606,1,Nike Sportswear Air Force 1 - Midnight Navy@en  Mens Shoes Nike Navy 488298-436 @en,Sneakers buty Nike Air Force 1 '07 Low midnight navy / white (488298-436)@pl (488298-436) | Bludshop.com@pl,en,en
89,0,Nike Hypervenom Phelon II FG - Metallic Red Bronze/Black/Green Glow/White@en  Nike Mens Soccer Shoes Firm Ground Glow/White @en,Nike Kawa Adjustable Men's Slide Sandals - White/Black/White@en Slides and Sandals@en,en,en
187,0,Nike Sportswear Air Presto - Racer Blue@en  Mens Shoes Nike Blue 848132-401 @en,Nike Sportswear Womens Air Max 1 Ultra Moire - Summit White / Racer Blue White@en  Shoes Nike 704995-100 @en,en,en
487,0,Puma King Top IN- Black/White/Gold@en  Puma Football Boots - Indoor Soccer Cleats Black-White-Team Gold @en,Puma IGNITE v2 - Black-Asphalt-Red Blast-Aged Silver@en  Puma Mens Shoes Silver @en,en,en
111,0,Asics Gel-Lyte III (H63QQ-2323)@eu (H63QQ-2323) | Bludshop.com@eu,Asics Gel-Lyte III Mid (H637Y-4242)@es-ES (H637Y-4242) - footstop@es-ES,eu,eu
699,0,Nike Kids Tiempo Rio III FG - Clear Jade/Black/Volt@en  Nike Junior Boots Firm Ground Jade/Black/Volt @en,Nike Zoom Trout 4 Low Men's Turf Shoes - Black/University Red/Wolf Grey@en Turf and Coach@en,en,en
935,0,Puma evoPower 4.2 Firm Ground Junior Football Boots - Grey@en | Start Fitness@en,Nike Kids Hypervenom Phade II FG-R - Volt/Black/Hyper Turquoise@en  Nike Junior Boots Firm Ground Turquoise @en,en,en
587,0,Nike Roshe One@en One Black 511881-026 - Purchaze@en,Nike Classic Cortez Leather@en Leather White Midnight Navy Gym Red 749571-146 - Purchaze@en,en,en
478,1,Air Jordans 5 Retro White/Black-Fire Red For Sale@en-US Sale | 2017 Air Jordan Shoes@en-US,Air Jordan 5 Retro White/Black-Fire Red Online For Sale@en-US Sale | New Jordans 2015@en-US,en-us,en-us
720,0,Nike Sportswear Womens Benassi Just Do It - Black@en  Shoes Nike Black 343881-011 @en,Nike Mercurial Vortex III FG - Pomaranczowy Laser/Czarny/Volt@pl  Nike Meskie Buty Pilkarskie Zwarta Murawa Laser/Czarny/Volt @pl,en,en
180,0,Nike Roshe One@en One Black Anthracite Sail 511881-010 - Purchaze@en,Nike Roshe One@en One Black 511881-026 - Purchaze@en,en,en
917,0,Nike Zoom Structure 19 Comp Pack Men's Running Shoes SP16 007@en 007 · Nike Moderate Support Trai ah@en,Nike Air Zoom Pegasus 32 Women's Running Shoes SP16 800@en 800 · Nike Neutral Trainers ah@en,en,en
983,0,Puma Kids evoPOWER 4.3 FG - Blue Yonder/Puma White/Shocking Orange@en  Puma Orange Junior Boots Firm Ground @en,Concave Kids Volt+ FG - Black/Gold@en  Concave Junior Soccer Cleats Firm Ground Black/Gold @en,en,en
446,0,Nike Flex 2016 Run - University Red/Black-Bright Crimson-White@en  Nike Crimson-White Mens Shoes 830369-601 @en,Puma evoTOUCH 1 FG - Black/White/Safety Yellow@en  Puma Yellow Mens Soccer Cleats Firm Ground @en,en,en
687,0,Nike Sportswear Air Max 1 (GS) - Black / Vivid Pink White@en  Nike Girls Shoes White @en,Nike Sportswear Womens Air Max 1 Mid Sneakerboot - Black@en  Nike Shoes Black / Gum Med Brown @en,en,en
139,0,Nike Sportswear Roshe One - Wolf Grey@en  Mens Shoes Nike Grey 511881-023 @en,Nike Sportswear Air Max LD Zero - Negro@es  Zapatillas de hombre-Nike Negro 848624-005 @es,en,en
458,0,Nike Free Trainer 3.0 V4 - Black/Team Red/University Red/Volt@en  Mens Shoes Nike Red/Volt 749361-066 @en,NIKE TORBA NK BRSLA M DUFF@pl Torby sportowe Nike na ramię ✓ Darmowa dostawa ★ Sizeer ★@pl,en,en
809,0,Nike Zoom Speed TR3 - Red/White/Black/Crimson@en  Nike Mens Shoes Gym Red/White/Black/Bright Crimson @en,Nike Magista Opus FG - Uva/Argento Metallico/Verd Ghost@it  Nike Scarpe Uomo Terreni Compatti Uva-Argento Metallic-Verde Ghost @it,en,en
392,1,Nike Lunarglide 7 - Black/Summit White/Anthracite@en  Nike Mens Shoes White/Anthracite @en,Nike LunarGlide 7 Flyknit Men's Running Shoes FA15 001@en 001 · Nike Mild Support Trainers ah@en,en,en
50,0,Nike Sportswear Womens Air Force 1 Hi SE - Black@en  Shoes Nike Black / Black-Dark Grey-Gum Med Brown 860544-002 @en,Nike Free Run Distance - Gamma Blue/Black-Heritage Cyan@en  Nike Mens Shoes Cyan @en,en,en
76,1,NIKE FREE RUN@en RUN - MAN TIME SHOES Nike colour Black 831508 001 Athletic footwear apparel and sports equipment@en,Nike Free RN - Black/White-Anthracite@en  Nike Black/White-Anthracite Mens Shoes 831508-001 @en,en,en
336,0,Nike Sportswear Roshe One (GS) - Noir/Argent/Blanc@fr  Chaussures enfant Nike Noir-Argent-Blanc @fr,Nike Sportswear Roshe Run - Noir/ Anthracite/ Blanc@fr  chaussures Nike noir-anthracite-blanc @fr,fr,fr
457,0,Nike Air Max 90 Leather black / (302519-001)@eu (302519-001) | Bludshop.com@eu,Nike Air Max 90 Ultra Essential black / black-dark grey-white (819474-013)@eu (819474-013) | Bludshop.com@eu,eu,eu
360,1,Nike Sportswear Air Force 1 07 - White@en  Mens Shoes Nike White 315122-111 @en,Nike Sportswear Air Force 1 07 - White@en  Mens Shoes Nike White 315122-111 @en,en,en
551,0,Puma evoSPEED SL FG - Total Eclipse/Lava Blast/White@en  Puma Mens Boots Firm Ground Blast/White @en,Puma King Enfant Top i FG - Noir/ Blanc/ Or@fr  chaussures de football enfant Puma Or 10246601 @fr,en,en
328,0,Nike Hypervenom Phantom SG-Pro - Volt/Persian Violet/Hot Lava/Black@en  Nike Soccer Cleats Soft Ground Lava/Black @en,Nike Hypervenom Phantom FG - Volt/Violet/Lava/Blk@en  Nike Mens Boots Firm Ground Volt/Persian Violet/Hot Lava/Black @en,en,en
380,0,Nike Damen Air Zoom Pegasus 33 - Marineblau/Silber/Karminrot@de  Nike Womens Damenschuhe Marineblau/Silber/Karminrot @de,Nike Air Zoom Pegasus 33 - Black/White/Anthracite/Cool Grey@en  Nike Grey Mens Shoes 831352-001 @en,de,de
237,0,Nike Air Zoom Pegasus 33 - Concord/White-Black-Electric Green@en  Nike Mens Shoes Green @en,NIKE AIR ZOOM PEGASUS 33@en 33 - MAN RUNNING SHOES Nike colour Black 831352 001 Athletic footwear apparel and sports equipment@en,en,en
839,0,Nike Zoom Winflo 3 - Racer Blue/Blue Glow-Black-White@en  Nike Glow-Black-White Mens Shoes 831561-401 @en,Nike Zoom Speed TR3 - Deep Royal Blue/White/Black@en  Mens Shoes Nike Blue/White/Black 804401-414 @en,en,en
178,0,Nike Air Force 1 '07 Mid white (315123-111)@eu (315123-111) | Bludshop.com@eu,Nike Air Force 1 Mid '07 obsidian (315123-408)@eu (315123-408) | Bludshop.com@eu,eu,eu
905,0,Nike Train Speed 4 - Black/Blue Glow/White@en  Nike Mens Shoes Regular Training Glow/White @en,Nike Zoom Speed TR3 - Green/White/Black@en  Mens Shoes Nike Green/White/Black 804401-310 @en,en,en
528,0,Nike Womens Air Zoom Pegasus 33 - White/Black-Pink Blast-Electric Green@en  Nike Shoes Green @en,Nike Womens Air Zoom Pegasus 32 - Hyper Orange/Black-Volt-Opt Yellow@en  Nike Shoes Yellow @en,en,en
622,0,Air Jordan 14 Retro Low “Laney” Varsity Royal/Varsity Maize-Black-White For Sale@en-US Sale | Cheap Jordans 2017@en-US,2017 Cheap Air Jordan 4 Retro Black/Game Royal-Matte Silver-White For Sale@en-US Sale | Jordans 2017@en-US,en-us,en-us
373,0,Nike Air Max 90 Essential - White@en  Mens Shoes Nike White 537384-111 @en,Nike Sportswear Womens Air Zoom Mariah Flyknit Racer PRM - Black@en  Shoes Nike Fk Prm Black-White 917658-002 @en,en,en
39,0,Nike Womens Free Run Flyknit - Nero/Bianco@it  Nike Scarpe Uomo Nero/Bianco @it,Nike Free Run Flyknit - Black/White@en  Nike Black/White Mens Shoes 831069-001 @en,it,it
366,0,Nike Sportswear Air Presto - Racer Blue@en  Mens Shoes Nike Blue 848132-401 @en,Nike Sportswear Air Max 90 Ultra Moire - Black@en  Nike Mens Shoes Black @en,en,en
316,0,Air Jordans 5 Retro “Shanghai Shen” Black/Varsity Maize-Varsity Royal-Black For Sale@en-US Sale | New 2017@en-US,2017 Air Jordan 1 Retro High OG “Royal” Black/Varsity Royal-White For Sale@en-US Sale | New Jordans 2017@en-US,en-us,en-us
812,0,Nike Sportswear Air Max 90 Essential -Blanco@es  Nike -Zapatillas para hombre-Deportivas- Blanco @es,Nike Sportswear Air Max 90 Essential - University Blue@en  Mens Shoes Nike Blue 537384-416 @en,es,es
461,0,2018 New Jordan 13 Olive Black Light True Red@en-US Where to buy Release Date 2018@en-US, FjallRaven Merano Canvasbelt Dark Olive @nl FjallRaven - nl@nl,en-us,en-us
37,1,Nike Air Zoom Structure 19 CP - Black/White-Volt@en  Nike Mens Shoes Black/White-Volt @en,Nike Air Zoom Structure 19 CP - Noir/ Blanc/ Volt@fr  Nike chaussures pour homme noir-blanc-volt @fr,en,en
483,1,Asics Fuze X - Asics Blue/Blue/Hot Orange@en  Mens Shoes Orange @en,Asics FuzeX Men's Running Shoes SS16 4350@en 4350 · Asics Barefoot Trainers ah@en,en,en
277,0,Air Jordans 6 Retro “Champagne Bottle” Pro Green/Metallic Gold-Chilling Red-Black@en-US Red-Black | 2017 Air Jordan Shoes@en-US, Keen McKenzie Brindle/Ensign Red @nl Keen - nl@nl,en-us,en-us
676,0,Nike Metcon 2 - Black/White@en  Nike Mens Shoes Black/White @en, Keen Newport H2 Black/True Red @pl Keen - pl@pl,en,en
836,0,Nike Kids Hypervenom Phelon II FG - Total Crimson/Obsidian/Vivid Purple@en  Nike Mens Boots Firm Ground Purple @en,Nike Hypervenom Phatal II DF FG - Total Crimson/Obsidian/Vivid Purple@en  Nike Mens Soccer Cleats Firm Ground Purple @en,en,en
989,0,Nike Sportswear Classic Cortez Leather - White@en  Mens Shoes Nike White / Midnight Navy-Gym Red 749571-146 @en,Nike WMNS Classic Cortez Leather@en Leather White Black 807471-101 - Purchaze@en,en,en
21,0,Concave Quantum + FG - White/Lime@en  Concave Mens Boots Firm Ground White/Lime @en,Concave Quantum + SG - White/Lime@en  Concave Mens Boots Soft Ground White/Lime @en,en,en
215,0,Nike Womens Air Zoom Structure 19 - Hyper Violet/White-Gamma Blue-Photo Blue@en  Nike Shoes Blue @en,Nike Sportswear Air Presto Essential - Black@en  Mens Shoes Nike Black/Black-Black 848187-011 @en,en,en
470,0,Air Jordan 4 Retro “Motorsports” (#308497-117)@en-US (#308497-117) | SobeSoles.com@en-US, Air Jordan 4 Retro alternate motorspots@en Air motorspots - Pre Order – The Sneaker Authority@en,en-us,en-us
673,1,Asics Hyper LD 5 - Deep Blue/Onyx/Flash Yellow@en  Mens Shoes Asics Yellow G404Y-4399 @en,Hyper LD 5@fr Pointes d athletisme hyper l 5 asics bleu à partir de 45 00 €@fr,en,en
898,1,Nike Womens Air Zoom Pegasus 32 - Hyper Violet/Gamma Blue-White-Black@en  Nike Shoes Blue-White-Black @en,Nike Femme Air Zoom Pegasus 32 - Hyper Violet/ Bleu Gamma/ Blanc/ Noir@fr  Nike chaussures pour femme hyper violet bleu gamma blanc noir @fr,en,en
829,0,Nike Metcon 2 - Black/White/Wolf Grey/Volt@en  Nike Mens Shoes Regular Training Grey/Volt @en,Nike Flylon Train Dynamic - Black/White/Dark Grey/Volt@en  Nike Mens Shoes Regular Training Grey/Volt @en,en,en
74,0,Nike Mercurial Victory V Firm Ground Mens Football Boots - Orange@en Orange | Start Fitness@en,Fersea Knee High Riding Boots@en Salvatore Ferragamo Fersea Boots | SHOPBOP@en,en,en
546,0,Asics Womens Gel-Noosa Tri 11 White Noise - White/White/Black@en  Asics Shoes White/White/Black @en,Asics Womens Gel-Noosa Tri 11 White Noise - Black/Black/Charcoal@en  Asics Shoes Black/Black/Charcoal @en,en,en
82,0,Nike Tiempo Mystic V FG - Clear Jade/Black/Volt@en  Nike Mens Soccer Cleats Firm Ground Jade/Black/Volt @en,Nike Tiempo Legacy II SG - Czysta Platyna/Czarny/Pomarańczowy@pl  Nike Męskie buty piłkarskie Miękka nawierzchnia Wkręty Platyna Czarny Pomarańczowy @pl,en,en
691,0, Air Jordan 13 Retro playoff 2017@en Air 2017 - – The Sneaker Authority@en,Nike Sportswear Air Footscape Magista Flyknit - Bright Crimson@en  Mens Shoes Nike Crimson 816560-600 @en,en,en
798,1,Nike Air Max Zero Essential - Black@en  Mens Shoes Nike Black 876070-010 @en,Nike Air Max Zero Essential - Nero@it  Scarpe Uomo Nike Nero @it,en,en
695,1,Nike Free RN Men's Running Shoes SU16 400@en 400 · Nike Barefoot Trainers ah@en,Nike Free Run - Concord/Black-Hyper Cobalt-Photo Blue@en  Nike Blue Mens Shoes 831508-400 @en,en,en
103,0,Nike Womens Free 5.0 - Black/White-Dark Grey-Dove Grey-Wolf Grey@en  Nike Shoes Grey @en,Nike Womens Air Zoom Structure 19 - Hyper Violet/White-Gamma Blue-Photo Blue@en  Nike Shoes Blue @en,en,en
350,0,Nike WMNS Air Force 1 Mid@en Mid White 366731-100 - Purchaze@en,Nike WMNS Roshe Two@en Two Black 844931-004 - Purchaze@en,en,en
452,0,Puma evoSPEED 4.5 FG - Puma White/Puma Black/Shocking Orange@en  Orange Mens Soccer Cleats Firm Ground @en,Joma N-10 Pro FG - White/Black@en  Joma White/Black Mens Boots Firm Ground @en,en,en
576,0,Asics Fuze X - Asics Blue/Blue/Hot Orange@en  Mens Shoes Orange @en,Asics Womens Fuze X - Diva Pink/White/Carbon@en  Asics Shoes Pink/White/Carbon @en,en,en
924,0,Nike Free RN Distance Mens Running Shoes - Black@en Black | Start Fitness@en,Nike Free Run Distance - Gamma Blue/Black-Heritage Cyan@en  Nike Mens Shoes Cyan @en,en,en
354,0,Nike Hypervenom Phantom SG-Pro - Volt/Persian Violet/Hot Lava/Black@en  Nike Soccer Cleats Soft Ground Lava/Black @en,Nike Tiempo Legend SG-Pro - Anthracite/Black/Volt@en  Nike Soccer Cleats Soft Ground Anthracite/Black/Volt @en,en,en
322,0,Puma evoSPEED 2.3 FG - Bright Plasma-White-Peacoat@en  Mens Rugby Boots Puma Firm Ground Plasma-White-Peacoat 10301204 @en,Puma evoTOUCH 2 FG - Black/White/Safety Yellow@en  Puma Yellow Mens Soccer Cleats Firm Ground @en,en,en
617,1,Nike F.C. Free Hypervenom 2 - Noir@fr  Nike chaussures pour homme noir rouge or @fr,Nike F.C. Free Hypervenom 2 - Black@en  Mens Shoes Nike Black / Team Red-Team Red-Metallic Gold 747140-006 @en,fr,fr
201,0,Air Jordans 5 Retro “Shanghai Shen” Black/Varsity Maize-Varsity Royal-Black For Sale@en-US Sale | New 2017@en-US,2017 Nike Air Jordan 13 Retro “Chicago” White/Black-Team Red For Sale@en-US Sale | New Jordans 2017@en-US,en-us,en-us
952,0,Puma evoSPEED 2.3 FG - Bright Plasma-White-Peacoat@en  Mens Rugby Boots Puma Firm Ground Plasma-White-Peacoat 10301204 @en,Nike Tiempo Legacy II FG - Black/White/Metallic Gold@en  Nike Mens Boots Firm Ground Gold @en,en,en
94,0,2017 Air Jordan 1 Retro High OG “Royal” Black/Varsity Royal-White For Sale@en-US Sale | New Jordans 2017@en-US,2017 Air Jordan 11 White/Midnight Navy-University Blue 378037-123 For Sale@en-US Sale | New Jordans 2015@en-US,en-us,en-us
727,0,Air Jordans 5 Retro “Shanghai Shen” Black/Varsity Maize-Varsity Royal-Black For Sale@en-US Sale | New 2017@en-US,Air Jordans 5 Retro White/Fire Red-Black For Sale@en-US Sale | New 2017@en-US,en-us,en-us
965,0,ASICS Tiger GEL-Lyte III - Black@en  Mens Shoes ASICS Black H534L-9090 @en,ASICS Gel Saga Winter Trail - Black@en  Mens Shoes ASICS Black H5T4N-9090 @en,en,en
540,1,Puma evoSPEED 3.5 Piel FG - Blanco/Negro/Naranja@es  Puma Botas de futbol-Terrenos firmes-Blanco/Negro/Naranja @es,Puma evoSPEED 3.5 Lth FG - Puma White/Puma Black/Shocking Orange@en  Orange Mens Soccer Cleats Firm Ground @en,es,es
640,0,Nike Air Zoom Pegasus 33 - Black/White/Anthracite/Cool Grey@en  Nike Grey Mens Shoes 831352-001 @en,Nike Womens Air Zoom Pegasus 33 - Black/White/Anthracite/Cool Grey@en  Nike Grey Shoes 831356-001 @en,en,en
17,1,Asics Gel Pulse 7 Men's Running Shoes SS16 5093@en 5093 · Asics Neutral Trainers ah@en,Asics Gel-Pulse 7 - Deep Cobalt/Silver/Hot Orange@en  Asics Mens Shoes Orange @en,en,en
63,1,Nike WMNS Air Pegasus 89@en 89 Black Summit White Wolf Grey 844888-001 - Purchaze@en,Nike WMNS Air Pegasus '89 black / summit white-wolf grey (84488-001)@eu (84488-001) | Bludshop.com@eu,en,en
158,0,Air Jordans 5 Retro “Shanghai Shen” Black/Varsity Maize-Varsity Royal-Black For Sale@en-US Sale | New 2017@en-US,Air Jordan 9 Retro “Fontay Montana” Pure Platinum/Game Royal-Mandarin For Sale@en-US Sale | New Jordans 2015@en-US,en-us,en-us
321,1,NIKE TIEMPO LEGACY IC@en apparel and sports equipment@en IC - MAN INDOOR SOCCER SHOES Nike colour Light blue 631522 418 Athletic footwear,Nike Tiempo Legacy Indoor - Neo Turq/White/Hyper Crimson@en  Nike Futsal Shoes Turq-White-Hyper Crimson Soccer Cleats 631522-418 @en,en,en
406,0,Nike Kids Tiempo Rio III FG - Clear Jade/Black/Volt@en  Nike Junior Boots Firm Ground Jade/Black/Volt @en,Nike Kids Tiempo Rio III FG - Wolf Grey/Black/Clear Jade@en  Nike Junior Boots Firm Ground Jade @en,en,en
195,1,Sneakers buty Asics Gel-Lyte III (H63QQ-2323)@pl (H63QQ-2323) | Bludshop.com@pl,Asics Gel-Lyte III (H63QQ-2323)@eu (H63QQ-2323) | Bludshop.com@eu,pl,pl
203,0,Nike Mercurial Victory IV FG - Yellow/Black/Lime@en  Nike Soccer Shoes Firm Ground Cleats Vibrant Yellow-Black-Neo Lime @en,NIKE FREE 5.0@en 5.0 - WOMAN TIME SHOES Nike colour Black 724383 002 Athletic footwear apparel and sports equipment@en,en,en
32,1,2018 Air Jordan 13 “Olive” Black/True Red-Light Olive For Sale@en-US Sale | New Jordans 2017@en-US,2018 Air Jordan 13 “Olive” Black/True Red-Light Olive Cheap Sale@en-US Sale | Jordans 2017@en-US,en-us,en-us
449,1,Nike Boys Team Hustle D 7 (GS) - Black@en  Shoes Nike Black 747998-007 @en,NIKE TEAM HUSTLE D 7@en apparel and sports equipment@en 7 - MAN BASKETBALL SHOES Nike colour Black 747998 007 Athletic footwear,en,en
560,0,Puma evoSPEED 1.2 K FG - Blue/Peach@en  Puma Soccer Shoes Firm Ground Cleats Sharks Blue-Fluro Peach @en,Concave Quantum 1.0 FG -Blanco/Lima@es  Concave -Botas de futbol-Terrenos firmes-Blanco/Lima @es,en,en
383,0,Puma evoPower 4.2 Firm Ground Junior Football Boots - Grey@en | Start Fitness@en,Puma King II FG - Safety Yellow/Black@en  Puma Mens Shoes Firm Ground Yellow/Black @en,en,en
3,0,Nike Womens Air Zoom Pegasus 33 - Black/White-Anthracite-Cool Grey@en-GB  Nike Grey Shoes 831356-001 @en-GB,NIKE AIR ZOOM PEGASUS 33@en 33 - MAN RUNNING SHOES Nike colour Black 831352 001 Athletic footwear apparel and sports equipment@en,en-gb,en-gb
84,0,ASICS Tiger GEL-Kayano Trainer Evo Origami Pack - Black / Dark Grey@en  Mens Shoes ASICS Grey H621N-9016 @en,ASICS Tiger GEL-Kayano Trainer Evo Origami Pack - Monaco Blue / Indian Ink@en  Mens Shoes ASICS Ink H621N-4950 @en,en,en
225,0,ASICS Gel-Quantum 360 Knit - White/Snow/Silver@en  ASICS White/Snow/Silver Mens Shoes T728N-0100 @en,Asics Gel-Challenger 11 - White/Silver@en-GB  Asics White/Silver Mens Shoes All Court @en-GB,en,en
403,0,Nike Free RN Flyknit - Black/White@en  Nike Black/White Mens Shoes 831069-001 @en,NIKE BENASSI JDI@en JDI - MAN FREE TIME SLIPPERS Nike colour Blue 343880 403 Athletic footwear apparel and sports equipment@en,en,en
270,0,Asics Gel Respector@en Respector Shadow Pack H5W3L-9090 - Purchaze@en,Gel Lyte MT@en,en,en
228,1,Nike Kids Mercurial Victory V FG - White/Black/Volt/Total Orange@en  Nike Junior Boots Firm Ground Orange @en,Nike Junior Mercurial Victory V FG - Bianco/Nero/Volt/Arancione Totale@it  Nike Scarpe Terreni Compatti Totale @it,en,en
941,0,Nike WMNS Air Pegasus '89 black / summit white-wolf grey (84488-001)@eu (84488-001) | Bludshop.com@eu,Nike WMNS Air Max Thea@en Thea White 599409-101 - Purchaze@en,eu,eu
482,1, Air Jordan 13 Retro playoff 2017@en Air 2017 - – The Sneaker Authority@en,JORDAN 13 “BRED”@en-US “BRED” | The Basement Clothing@en-US,en,en
220,0,Puma BOG Sock Core high risk red (362038-03)@eu (362038-03) | Bludshop.com@eu,Puma WMNS Suede Platform puma black / white (362223-01)@eu (362223-01) | Bludshop.com@eu,eu,eu
256,0,Nike Air Zoom Pegasus 33 Jungle Pack Women's Running Shoes FA16 406@en 406 · Nike Neutral Trainer ah@en,Nike Air Zoom Pegasus 33 Women's Running Shoes FA16 001@en 001 · Nike Neutral Trainers ah@en,en,en
675,0,Nike Zoom Winflo 3 - Racer Blue/Blue Glow-Black-White@en  Nike Glow-Black-White Mens Shoes 831561-401 @en,Nike Kids Magista Obra II FG - Black/Total Crimson@en  Nike Junior Boots Firm Ground Crimson @en,en,en
496,0,Nike Zoom Speed TR3 - Red/White/Black/Crimson@en  Nike Mens Shoes Gym Red/White/Black/Bright Crimson @en,Nike Nike Zoom Speed TR3 - Deep Royal Blue/White/Black@en  Mens Shoes Blue/White/Black 804401-414 @en,en,en
122,0,Nike Air Vortex Leather@en Leather Navy White Black 918206-401 - Purchaze@en, Therm-A-Rest NeoAir Torrent Air Pump @es Therm-A-Rest - es@es,en,en
873,1,Air Jordan 1 High OG Royal Black/Varsity Royal-White For Sale@en-US Sale – Hoop Jordan@en-US,2017 Air Jordan 1 Retro High OG “Royal” Black/Varsity Royal-White For Sale@en-US Sale | New Jordans 2017@en-US,en-us,en-us
218,0,Nike WMNS Air Force 1 Mid@en Mid White 366731-100 - Purchaze@en,Nike WMNS Air Max 90@en 90 Black 325213-043 - Purchaze@en,en,en
603,0,Nike Hypervenom Phelon II FG - Metallic Red Bronze/Black/Green Glow/White@en  Nike Mens Soccer Shoes Firm Ground Glow/White @en,Nike Hypervenom Phelon II FG - Pure Platinum/Black/Ghost Green@en  Nike Mens Boots Firm Ground Green @en,en,en
926,0,Puma evoSPEED SL FG - Total Eclipse/Lava Blast/White@en  Puma Mens Boots Firm Ground Blast/White @en,Puma evoSPEED 4.4 FG - Lava Blast/White/Total Eclipse@en  Puma Mens Boots Firm Ground Eclipse @en,en,en
485,0,Nike Sportswear Roshe One - Wolf Grey@en  Mens Shoes Nike Grey 511881-023 @en,Puma R698 Core Leather - White / Steel Grey@en  Mens Shoes Puma Grey 360601-01 @en,en,en
171,0,Nike Zoom Speed TR3 - Red/White/Black/Crimson@en  Nike Mens Shoes Gym Red/White/Black/Bright Crimson @en,Under Armour CoreSpeed Force 3.0 FG - Black/Black/Neon Coral@en  Under Mens Soccer Cleats Firm Ground 1278818-006 Coral @en,en,en
459,0,Nike Zoom Train Complete - Cannon/Black/Ghost Green/White@en-GB  Nike Mens Shoes Regular Training Green/White @en-GB,Nike Sportswear Womens Classic Cortez Nylon - Black@en  Shoes Nike Black / White 749864-011 @en,en-gb,en-gb
284,0,Nike Air Max 90 Flash GS@en GS Black Summit White 807626-001 - Purchaze@en,Nike SB Stefan Janoski White / Wolf Grey@en,en,en
977,0,ASICS GEL NOOSA TRI 11@de 11 - DAMEN LAUFSCHUHE Asics Farbe Schwarz T676Q 9090 Der Online-Shop für deine Sportbekleidung@de,ASICS GEL NOOSA TRI 11@en 11 - WOMAN RUNNING SHOES Asics colour White T676Q 0101 Athletic footwear apparel and sports equipment@en,de,de
777,0,Nike Zoom Winflo 3 - Racer Blue/Blue Glow-Black-White@en  Nike Glow-Black-White Mens Shoes 831561-401 @en,Nike Womens Free Run - Blue Glow/Black-Racer Blue-Bright Crimson@en  Nike Crimson Shoes 831509-404 @en,en,en
286,0,Nike Zoom Speed TR3 - Black/White@en  Mens Shoes Nike Black/White 804401-017 @en,Nike Zoom Speed TR3 - Red/White/Black/Crimson@en  Nike Mens Shoes Gym Red/White/Black/Bright Crimson @en,en,en
6,0,Nike WMNS Air Force 1 Mid@en Mid White 366731-100 - Purchaze@en,Nike Air Force 1 Low WB@en WB Flax Gum Light Brown AA4061-200 - Purchaze@en,en,en
447,0,Asics Gel Respector@en Respector Shadow Pack H5W3L-9090 - Purchaze@en,Asics Gel Lyte III@en III Black H534L-9090 - Purchaze@en,en,en
597,1,GEL-NOOSA TRI 11@en-fr 11 | Men Men's Fast Running Shoes ASICS@en-fr,GEL-NOOSA TRI 11@de-at GEL-NOOSA TRI 11 | Men Fast Running ASICS@de-at,other,other
904,0,ASICS Gel-Quantum 360 Knit - White/Snow/Silver@en  ASICS White/Snow/Silver Mens Shoes T728N-0100 @en,Asics Gel-Resolution 7 - White/Silver@en-GB  Asics White/Silver Mens Shoes All Court @en-GB,en,en
456,1,Asics FuzeX Women's Running Shoes SS16 2001@en 2001 · Asics Barefoot Trainers ah@en,Asics Womens Fuze X - Diva Pink/White/Carbon@en  Asics Shoes Pink/White/Carbon @en,en,en
984,0,Air Jordan 5 Retro White/Black-Fire Red Online For Sale@en-US Sale | New Jordans 2015@en-US,Air Jordan 5 Retro White/Varsity Red-Obsidian For Sale Online@en-US Online | New Jordans 2015@en-US,en-us,en-us
303,0,Nike Sportswear Air Max 90 Ultra Essential - White@en  Nike Mens Shoes White / Cool Grey Infrared Black @en,Nike Sportswear Air Max 1 Ultra Moire - Bleu / Blanc@fr  Chaussures femme Nike Blanc @fr,en,en
427,1,Air Jordan 13 Retro French Blue/Flint Grey-White Newest For Sale Online@en-US Online | New Jordans 2015@en-US,Air Jordans 13 Retro French Blue/Flint Grey-White For Sale@en-US Sale | New 2017@en-US,en-us,en-us
564,0,Nike Sportswear Air Force 1 07 - White@en  Mens Shoes Nike White 315122-111 @en,Nike Sportswear Air Force 1 07 -Negro@es  Nike -Zapatillas para hombre-Negro @es,en,en
44,1,Nike Sportswear Air Force 1 Mid 07 - Obsidian@en  Mens Shoes Nike Obsidian / Gum Light Brown 315123-408 @en,Air Force 1 Mid 07@en,en,en
477,0,Nike Air Max 90 Leather black / (302519-001)@eu (302519-001) | Bludshop.com@eu,Nike Sportswear Air Force 1 07 - Black@en  Mens Shoes Nike Black 315122-001 @en,eu,eu
818,1,Asics Gel-Kayano Trainer Evo (H621N-9016)@es-ES (H621N-9016) - footstop@es-ES,ASICS Tiger GEL-Kayano Trainer Evo Origami Pack - Black / Dark Grey@en  Mens Shoes ASICS Grey H621N-9016 @en,es-es,es-es
62,1,Puma evoSPEED 4.5 FG - Puma Biały/Puma Czarny/Szokujący Pomarańcz@pl  Męskie buty piłkarskie Trawa naturalna Lanki Pomarańcz @pl,Puma evoSPEED 4.5 FG - Puma White/Puma Black/Shocking Orange@en  Orange Mens Soccer Cleats Firm Ground @en,pl,pl
504,0,Asics Gel Lyte V@en V Latigo Bay Black H5V2L-8990 - Purchaze@en,Asics Gel Lyte III@en III Valentines Pack H63QQ-2323 - Purchaze@en,en,en
318,1,Nike WMNS Air Max BW Ultra@en Ultra Black Pure Platinum White 819638-001 - Purchaze@en,Nike Sportswear Womens Air Max Ultra BW - Black@en  Shoes Nike Black / Pure Platinum White 819638-001 @en,en,en
35,0,Nike WMNS Classic Cortez Leather@en Leather White Black 807471-101 - Purchaze@en,Nike Sportswear Classic Cortez Leather - White@en  Mens Shoes Nike White / Midnight Navy-Gym Red 749571-146 @en,en,en
15,1,PUMA EVOSPEED 3.5 LTH FG@de FG - FUßBALLSCHUHE NOCKEN Puma Farbe Vielfarbig 103794 01 Der Online-Shop für deine Sportbekleidung@de,Puma evoSPEED 3.5 Lth FG - Puma Black/Puma White/Red Blast@en  Blast Mens Soccer Cleats Firm Ground @en,de,de
877,0,Nike WMNS Roshe Two black (844931-002)@eu (844931-002) | Bludshop.com@eu,Nike WMNS Roshe Two@en Two Black 844931-004 - Purchaze@en,eu,eu
878,0,NIKE TIEMPO LEGACY IC@en apparel and sports equipment@en IC - MAN INDOOR SOCCER SHOES Nike colour Light blue 631522 418 Athletic footwear,NIKE HYPERVENOM FINALE IC@en IC - MAN INDOOR SOCCER SHOES Nike colour Black 749887 103 Athletic footwear apparel and sports equipment@en,en,en
320,0,Nike Free RN - Black/White-Anthracite@en  Nike Black/White-Anthracite Mens Shoes 831508-001 @en,Nike Free Run Flyknit - Black/White@en  Nike Black/White Mens Shoes 831069-001 @en,en,en
433,0,Nike Premier FG Boots - Black/White@en  Nike Football The Black-White Firm Ground Mens 599427-018 @en,Concave Quantum + FG - Black/White@en  Concave Mens Boots Firm Ground Black/White @en,en,en
981,1,2016 Air Jordan 9 Retro “Copper Statue” White Black-Militia Green@en-US Green | Shoes@en-US,Air Jordan 9 Retro militia / statue@en statue - New Arrivals – The Sneaker Authority@en,en-us,en-us
832,0,Nike Zoom Train Complete - Cannon/Black/Ghost Green/White@en-GB  Nike Mens Shoes Regular Training Green/White @en-GB,Nike Sportswear Air Max 90 Essential - University Blue@en  Mens Shoes Nike Blue 537384-416 @en,en-gb,en-gb
613,0,Nike Womens Air Zoom Pegasus 33 - White/Black-Pink Blast-Electric Green@en  Nike Shoes Green @en, Keen Presidio Black @cs Keen - cz@cs,en,en
618,0,Air Jordan 14 Retro Low “Laney” Varsity Royal/Varsity Maize-Black-White For Sale@en-US Sale | Cheap Jordans 2017@en-US,GEMINI II LOW S1P SRC @es - Diadora Tienda Online,en-us,en-us
68,1,Nike Hypervenom Phatal II DF Cuir FG - Noir/Orange Total@fr  Nike chaussures de football homme terrain sec noir-noir-orange total @fr,Nike Hypervenom Phatal II Df Ltr FG - Black/Black-Total Orange-Total Orange@en  Nike Mens Football Boots Firm Ground Orange @en,fr,fr
361,0,2017 Air Jordan 13 Retro “Chicago” White/Black-Team Red Shoes For Sale@en-US Sale | Shoes@en-US,2017 Nike Air Jordan 1 Retro High OG “Royal” 555088-007 Shoes For Sale@en-US Sale | Shoes@en-US,en-us,en-us
453,1,Nike Metcon 2 -Negro/Blanco@es  Nike -Zapatillas de entrenamiento-Negro/Blanco @es,Nike Metcon 2 - Black/White@en  Nike Mens Shoes Black/White @en,es,es
686,0,Air Jordans 6 Retro “Champagne Bottle” Pro Green/Metallic Gold-Chilling Red-Black@en-US Red-Black | 2017 Air Jordan Shoes@en-US,Air Jordans 14 Retro Low “Laney” Shoes For Sale@en-US Sale | 2017 Air Jordan Shoes@en-US,en-us,en-us
903,0,Nike Free Trainer 3.0 V4 - Black/Team Red/University Red/Volt@en  Mens Shoes Nike Red/Volt 749361-066 @en,Nike Free Trainer 3.0 V4 - Black/Green/Solar/White@en  Mens Shoes Nike Black/Green/Solar/White 749361-034 @en,en,en
956,0,Nike Kids Mercurial Victory V FG - White/Black/Volt/Total Orange@en  Nike Junior Boots Firm Ground Orange @en,Nike Mercurial Victory V FG - White/Volt/Hyper Pink/Black@en  Mens Rugby Boots Nike Firm Ground Pink/Black 651632-170 @en,en,en
733,1,Nike Girls Lunarglide 7 (GS) - Black/Metallic Silver-White-Pink Pow@en  Nike Pow Shoes 747966-001 @en,Nike LunarGlide 7 Kids Running Shoes Black & Pink Pow FA15 001@en 001 · Nike Mild Support Tra ah@en,en,en
172,0,NIKE WMNS CLASSIC CORTEZ NYLON@pl NYLON | CZARNY 299.99 PLN Sneakersy 749864011@pl,Nike Sportswear Classic Cortez Nylon - Black@en  Mens Shoes Nike Black 807472-011 @en,pl,pl
575,0,Puma evoSPEED 4.5 FG - Puma White/Puma Black/Shocking Orange@en  Orange Mens Soccer Cleats Firm Ground @en,Puma evoSPEED SL S II FG - Puma White/Puma Black/Shocking Orange@en  Orange Mens Soccer Cleats Firm Ground @en,en,en
236,1,Nike Kids Magista Obra II FG - Rio Teal/Volt/Obsidian/Clear Jade@en  Nike Mens Boots Firm Ground Jade @en,Nike Junior Magista Obra II FG – The Soccer Factory@en-US,en,en
953,1,GT-2000 5 LITE-SHOW@en-gb LITE-SHOW | Women Women's Road Running Shoes ASICS@en-gb,GT-2000 5 LITE-SHOW@en-es LITE-SHOW | Women Road Running ASICS@en-es,en-gb,en-gb
671,0,Nike F.C. Free Hypervenom 2 - Black@en  Mens Shoes Nike Black / Team Red-Team Red-Metallic Gold 747140-006 @en,Nike F.C. Zoom Mercurial XI FK - University Red@en  Mens Shoes Nike Red / Black-Team 852616-600 @en,en,en
43,0,ASICS GEL NOOSA TRI 11@en 11 - MAN RUNNING SHOES Asics colour Multicolor T626N 9601 Athletic footwear apparel and sports equipment@en,ASICS GEL GT 1000 3@en 3 - JR RUNNING SHOES Asics colour Multicolor C463N 7001 Athletic footwear apparel and sports equipment@en,en,en
561,1,Nike AIR Zoom Pegasus 32 Men's Training Shoes - Green/Blue Lagoon/Black@en Running and Training@en,Nike AIR Zoom Pegasus 32 Men's Training Shoes - Green/Blue Lagoon/Black@en Clearance Footwear@en,en,en
870,0,Nike AIR Zoom Pegasus 32 Men's Training Shoes - Total Orange/Ghost Green/Black@en Running and Training@en,Nike AIR Zoom Pegasus 32 Men's Training Shoes - Green/Blue Lagoon/Black@en Running and Training@en,en,en
471,0,Air Jordan 4 Retro “Motorsports” (#308497-117)@en-US (#308497-117) | SobeSoles.com@en-US,NIKE AIR COURTBALLISTEC 4.1@it 4.1 - SCARPE TENNIS UOMO Nike Bianco 488144 109 Articoli sportivi e abbigliamento sportivo@it,en-us,en-us
594,0,Air Jordan 11Lab4 @fr Rouge | 719864-600 foot District@fr,New Air Jordan 4 Retro 11Lab4 “Red Patent Leather”@en-US Leather” | Women Jordans 2017@en-US,fr,fr
876,0,Puma Esito Classico FG - Black/White/Bronze@en  Puma Black/White/Bronze @en,Puma Liga Classico FG - Black/White/Puma Silver@en  Puma Silver @en,en,en
779,0,2016 Air Jordan 9 Retro “Copper Statue” White Black-Militia Green@en-US Green | Shoes@en-US,2016 Air Jordan 1 Retro High “Silver Medal” Gym Red/Metallic Silver-White@en-US Silver-White – Hoop Jordan@en-US,en-us,en-us
794,0,Asics Gel-Pulse 7 - Deep Cobalt/Silver/Hot Orange@en  Asics Mens Shoes Orange @en,GEL-PULSE 8@en-fr 8 | Women Women's Running Shoes ASICS@en-fr,en,en
444,1,Nike Womens Free 5.0 - Black/White-Dark Grey-Dove Grey-Wolf Grey@en  Nike Shoes Grey @en,Nike Free 5.0 Women's Running Shoes SU15 002@en 002 · Nike Barefoot Trainers ah@en,en,en
8,0,Nike Free RN - White/Black-Pure Platinum@en  Nike Platinum Mens Shoes 831508-101 @en,Nike Free Run Distance - Black/White-Dark Grey-Wolf Grey@en  Nike Grey Mens Shoes 827115-010 @en,en,en
928,0,Nike WMNS Air Max BW Ultra@en Ultra Black Pure Platinum White 819638-001 - Purchaze@en,Nike Air Max 2016 - Black/White-Dark Grey@en  Nike Grey Mens Shoes 806771-001 @en,en,en
845,0,Asics Gel-Zaraca 4 - Black/Onyx/Flash Yellow@en  Asics Mens Shoes Yellow @en,Asics Womens Fuze X - Diva Pink/White/Carbon@en  Asics Shoes Pink/White/Carbon @en,en,en
694,1,Puma evoSPEED SL FG - Total Eclipse/Lava Blast/White@en  Puma Mens Boots Firm Ground Blast/White @en,Puma evoSPEED SL FG - Eclipse Totale/Lave/Blanc@fr  Puma chaussures homme terrain sec eclipse totale-lave-blanc @fr,en,en
814,0,Nike Hypervenom Phantom SG-Pro - Volt/Persian Violet/Hot Lava/Black@en  Nike Soccer Cleats Soft Ground Lava/Black @en,NIKE STEFAN JANOSKI MAX @pl Nike męskie✓ Darmowa dostawa do domu ★ sklep Sizeer ★@pl,en,en
683,0,Nike Womens Air Zoom Pegasus 33 - White/Black-Pink Blast-Electric Green@en  Nike Shoes Green @en, Keen Alamosa Chocolate Brown / Bronze Green @it Keen - it@it,en,en
274,0,Air Jordan 4 Retro “Pure Money” (#308497-100)@en-US (#308497-100) | SobeSoles.com@en-US,Air Jordan 6 Retro “All-Star” (#907961-015)@en-US (#907961-015) | SobeSoles.com@en-US,en-us,en-us
193,0,Nike Air Vortex Leather@en Leather Navy White Black 918206-401 - Purchaze@en,Nike Air Presto racer blue / white-black (848132-401)@eu (848132-401) | Bludshop.com@eu,en,en
173,0,Nike Free Trainer 3.0 V4 - Black/Team Red/University Red/Volt@en  Mens Shoes Nike Red/Volt 749361-066 @en,Nike Free Trainer 3.0 V4 - Black/Blue Lagoon/Brigade Blue/Pure Plantinum@en  Mens Shoes Nike Plantinum 749361-044 @en,en,en
438,0,Nike Womens Air Zoom Pegasus 32 - Hyper Orange/Black-Volt-Opt Yellow@en  Nike Shoes Yellow @en, Keen Commuter III Black/Gargoyle @fr Keen - ca_fr@fr,en,en
906,0,Nike Boys Roshe One (GS) - Black@en  Nike Black/Metallic Silver-White-White Shoes 599728-021 @en,Nike Sportswear Boys Roshe One - Black@en  Shoes Nike Black / Cool Grey 599728-020 @en,en,en
847,0,Nike Womens Free RN Flyknit - Black/White@en  Nike Black/White Shoes 831070-001 @en,Nike Free RN Flyknit - Black/White@en  Nike Black/White Mens Shoes 831069-001 @en,en,en
796,0,Nike Tiempo Genio II Leather TF - White/Black/Electro Green@en  Nike Mens Boots Turf Trainer 819216-103 Green @en,Nike Tiempo Mystic V TF - Black/White/Electro Green@en  Nike TiempoX Mens Boots Turf Trainer 819224-002 Green @en,en,en
801,0,Asics Gel Lyte V@en V Latigo Bay Black H5V2L-8990 - Purchaze@en,Asics Gel Lyte III@en III White H534L-0101 - Purchaze@en,en,en
339,0,Puma SPEED 300 S DISC - Atomic Blue-Red Blast-White@en  Puma Mens Shoes Blast-White @en,Puma Speed 300 IGNITE - White-Atomic Blue-Red Blast@en  Puma Mens Shoes Blast @en,en,en
434,0,2016 Air Jordan 9 Retro “Copper Statue” White Black-Militia Green@en-US Green | Shoes@en-US,New Air Jordan 14 Retro Low “Laney” Shoes@en-US Shoes |,en-us,en-us
751,0,Nike Air Zoom Pegasus 33 Men's Running Shoes FA16 001@en 001 · Nike Neutral Trainers ah@en,Nike Air Zoom Pegasus 33 - Concord/White-Black-Electric Green@en  Nike Mens Shoes Green @en,en,en
71,0,Nike Roshe One@en One Black 511881-026 - Purchaze@en,Nike Roshe One@en One Black Anthracite Sail 511881-010 - Purchaze@en,en,en
163,0,2016 Air Jordan 9 Retro “Copper Statue” White Black-Militia Green@en-US Green | Shoes@en-US,2017 Air Jordan 13 Playoffs Black/True Red-White@en-US Red-White – Hoop Jordan@en-US,en-us,en-us
57,1,Nike Zoom Train Complete - Cannon/Black/Ghost Green/White@en-GB  Nike Mens Shoes Regular Training Green/White @en-GB,Nike Zoom Train Complete - Cannon/Black/Ghost Green/White@en  Nike Mens Shoes Regular Training Green/White @en,en-gb,en-gb
441,0,Nike Free Trainer 3.0 V4 - Black/Team Red/University Red/Volt@en  Mens Shoes Nike Red/Volt 749361-066 @en,Nike Free Trainer 3.0 V4 - Black/Black-Tumbled Grey-Total Orange@en  Nike Mens Shoes Orange @en,en,en
802,1,Asics Gel-Pulse 7 - Cobalt/ Argent/ Orange@fr  Asics chaussures pour homme cobalt argent orange @fr,Asics Gel-Pulse 7 - Deep Cobalt/Silver/Hot Orange@en  Asics Mens Shoes Orange @en,fr,fr
281,0,Nike Sportswear Air Force 1 Mid 07 - White@en  Mens Shoes Nike White / 315123-111 @en,Nike Sportswear Air Force 1 07 -Negro@es  Nike -Zapatillas para hombre-Negro @es,en,en
861,0,Asics Fuze X - Asics Blue/Blue/Hot Orange@en  Mens Shoes Orange @en,Asics Womens Fuze X - Black/VBlack/Diva Pink@en  Asics Pink Shoes T689-9090 @en,en,en
634,0,Nike Sportswear Air Max 90 Ultra Essential - White@en  Nike Mens Shoes White / Cool Grey Infrared Black @en,Nike Sportswear Air Max 90 Mid Winter - Black@en  Nike Mens Shoes Black @en,en,en
313,0,Nike Tiempo Legend VI SG-Pro - Black/White/Black/Metallic Gold@en  Nike Mens Boots Soft Ground Gold @en,Nike Tiempo Genio II Leather FG - Light Crimson/Metallic Silver/Total Crimson@en  Nike Soccer Cleats Firm Ground Crimson @en,en,en
423,0,Nike Train Speed 4 - Black/Blue Glow/White@en  Nike Mens Shoes Regular Training Glow/White @en,Nike Zoom Train Complete - Cannon/Black/Ghost Green/White@en  Nike Mens Shoes Regular Training Green/White @en,en,en
113,1,Puma King Top IN- Black/White/Gold@en  Puma Football Boots - Indoor Soccer Cleats Black-White-Team Gold @en,Puma King IT - Nero/Bianco/Oro@it  Scarpe Calcio Puma IT- Campi Coperti Nero/Bianco/Oro @it,en,en
552,0,Nike Sportswear Air Max Tavas - Black / White@en  Mens Shoes Nike White 705149-009 @en,Nike Sportswear Air Max Tavas - Black / Anthracite@en  Mens Shoes Nike Anthracite 705149-010 @en,en,en
426,0,Nike Air Max 90 Flash GS@en GS Black Summit White 807626-001 - Purchaze@en,Nike WMNS Air Max 90@en 90 Black 325213-043 - Purchaze@en,en,en
667,1,Nike Air Zoom Structure 19 CP Femme - Blanc/ Volt/ Noir@fr  Nike femme chaussures pour blanc-volt-noir @fr,Nike Womens Air Zoom Structure 19 CP - White/Volt-Black@en  Nike Shoes White/Volt-Black @en,fr,fr
14,0,Nike Sportswear Air Force 1 07 - White@en  Mens Shoes Nike White 315122-111 @en,Nike Sportswear Air Force 1 07 - Nero/Nero@it  Nike Scarpe Uomo Nero-Nero 315122-001 @it,en,en
947,0,Nike Tiempo Legacy II SG - Pure Platinum/Black/Hyper Orange@en  Nike Mens Boots Soft Ground Orange @en,Nike Mercurial Veloce II Leather FG - Black/Hyper Pink@en  Nike Soccer Cleats Firm Ground Black/Black-Hyper Pink-Hyper Pink @en,en,en
891,0,Nike Sportswear Air Force 1 07 - White@en  Mens Shoes Nike White 315122-111 @en,Nike Sportswear Air Force 1 07 - Black@en  Mens Shoes Nike Black 315122-001 @en,en,en
348,0,Nike Kids Magista Obra II FG - Rio Teal/Volt/Obsidian/Clear Jade@en  Nike Mens Boots Firm Ground Jade @en,Nike Kids Magista Ola II FG - Rio Teal/Volt/Obsidian/Clear Jade@en  Nike Junior Boots Firm Ground Jade @en,en,en
548,0,Nike Air Max 2016 - Black/White-Dark Grey@en  Nike Grey Mens Shoes 806771-001 @en,Sneakers buty Nike Air Max 90 Essential university blue / navy grey white 537384-416@pl 537384-416 | Bludshop.com@pl,en,en
