id,label,left_title,right_title,left_locale,right_locale
368,1,Nike Womens Air Zoom Pegasus 33 - Black/White/Anthracite/Cool Grey@en  Nike Grey Shoes 831356-001 @en,Nike Womens Air Zoom Pegasus 33 - Black/White-Anthracite-Cool Grey@en-GB  Nike Grey Shoes 831356-001 @en-GB,en,en
873,1,Air Jordan 1 High OG Royal Black/Varsity Royal-White For Sale@en-US Sale – Hoop Jordan@en-US,2017 Air Jordan 1 Retro High OG “Royal” Black/Varsity Royal-White For Sale@en-US Sale | New Jordans 2017@en-US,en-us,en-us
342,0,Nike Kids Magista Obra II FG - Rio Teal/Volt/Obsidian/Clear Jade@en  Nike Mens Boots Firm Ground Jade @en,Nike Kids Magista Onda IC - White/Black/Pink Blast/Volt@en  Nike Mens Boots Indoor Blast/Volt @en,en,en
339,0,Puma SPEED 300 S DISC - Atomic Blue-Red Blast-White@en  Puma Mens Shoes Blast-White @en,Puma Speed 300 IGNITE - White-Atomic Blue-Red Blast@en  Puma Mens Shoes Blast @en,en,en
150,0,NIKE TEAM HUSTLE D 7@en apparel and sports equipment@en 7 - MAN BASKETBALL SHOES Nike colour Black 747998 007 Athletic footwear,Nike Metcon DSX Flyknit - Grau/Volt/Grau/Schwarz@de  Herrenschuhe Nike Grau/Volt/Grau/Schwarz @de,en,en
678,0,Nike Sportswear Womens Benassi Just Do It - Black@en  Shoes Nike Black 343881-011 @en,Nike Sportswear Womens Benassi JDI Print - Coastal Blue@en  Shoes Nike Blue 618919-400 @en,en,en
313,0,Nike Tiempo Legend VI SG-Pro - Black/White/Black/Metallic Gold@en  Nike Mens Boots Soft Ground Gold @en,Nike Tiempo Genio II Leather FG - Light Crimson/Metallic Silver/Total Crimson@en  Nike Soccer Cleats Firm Ground Crimson @en,en,en
79,0,Nike Air Max Zero Essential - Black@en  Mens Shoes Nike Black 876070-010 @en,New Air Jordan 11 “Red Velvet” Night Maroon/Metallic Gold-White Cheap Price@en-US Price | Retro Shoes@en-US,en,en
953,1,GT-2000 5 LITE-SHOW@en-gb LITE-SHOW | Women Women's Road Running Shoes ASICS@en-gb,GT-2000 5 LITE-SHOW@en-es LITE-SHOW | Women Road Running ASICS@en-es,en-gb,en-gb
487,0,Puma King Top IN- Black/White/Gold@en  Puma Football Boots - Indoor Soccer Cleats Black-White-Team Gold @en,Puma IGNITE v2 - Black-Asphalt-Red Blast-Aged Silver@en  Puma Mens Shoes Silver @en,en,en
552,0,Nike Sportswear Air Max Tavas - Black / White@en  Mens Shoes Nike White 705149-009 @en,Nike Sportswear Air Max Tavas - Black / Anthracite@en  Mens Shoes Nike Anthracite 705149-010 @en,en,en
442,0,Nike Zoom Winflo 3 - Racer Blue/Blue Glow-Black-White@en  Nike Glow-Black-White Mens Shoes 831561-401 @en,Nike Flex 2016 Run - Racer Blue/Black-Blue Glow-White@en  Nike Glow-White Mens Shoes 830369-401 @en,en,en
452,0,Puma evoSPEED 4.5 FG - Puma White/Puma Black/Shocking Orange@en  Orange Mens Soccer Cleats Firm Ground @en,Joma N-10 Pro FG - White/Black@en  Joma White/Black Mens Boots Firm Ground @en,en,en
160,0,Nike Sportswear Womens Air Force 1 Hi SE - Black@en  Shoes Nike Black / Black-Dark Grey-Gum Med Brown 860544-002 @en,Nike Air Vortex Leather@en Leather Cool Grey White 918206-002 - Purchaze@en,en,en
448,0,Nike Jr Mercurial Vapor X FG - Bright Crimson/Persian Violet/Black@en  Junior Football Boots Nike Firm Ground Violet/Black @en,Puma evoPOWER 4.3 Kids FG - Safety Yellow/Black/Atomic Blue@en  Puma Junior Boots Firm Ground Blue @en,en,en
350,0,Nike WMNS Air Force 1 Mid@en Mid White 366731-100 - Purchaze@en,Nike WMNS Roshe Two@en Two Black 844931-004 - Purchaze@en,en,en
239,0,GEL-NIMBUS 19@en-es 19 | Women Women's Road Running Shoes ASICS@en-es,GEL-CUMULUS 19@fr-be 19 | Women Women's Road Running Shoes ASICS@fr-be,en-es,en-es
337,0,Air Jordans 6 Retro Infrared 23/Black-Infrared 23 For Sale@en-US Sale | 2017 Air Jordan Shoes@en-US,Air Jordan 6 Retro GS Premium “Heiress”Black White Girls Size For Sale@en-US Sale | Shoes@en-US,en-us,en-us
197,0,NIKE MERCURIAL VICTORY IV FG@en apparel and sports equipment@en FG - MAN SOCCER SHOES Nike colour Yellow 555613 703 Athletic footwear,NIKE MERCURIAL VICTORY V FG@en FG - MAN SOCCER SHOES Nike colour White 651632 170 Athletic footwear apparel and sports equipment@en,en,en
69,1,Air Jordan 4 Retro “Pure Money” White/Metallic Silver-Pure Platinum For Sale@en-US Sale – Hoop Jordan@en-US,Air Jordan 4 Retro “Pure Money” (#308497-100)@en-US (#308497-100) | SobeSoles.com@en-US,en-us,en-us
556,0,Nike Free RN Distance Mens Running Shoes - Black@en Black | Start Fitness@en,Nike Sportswear Air Max 90 Leather - Black@en  Mens Shoes Nike Black 537384-090 @en,en,en
871,0,Nike WMNS Air Max BW Ultra@en Ultra Black Pure Platinum White 819638-001 - Purchaze@en,NIKE AIR ZOOM PEGASUS 33@en 33 - WOMAN RUNNING SHOES Nike colour Black 831356 001 Athletic footwear apparel and sports equipment@en,en,en
16,0,Nike Sportswear Womens Benassi Just Do It - Black@en  Shoes Nike Black 343881-011 @en,Nike Alpha Huarache Men's Low Turf Shoes - Black/White@en Cleated@en,en,en
210,0,Nike Metcon 2 - Black/White/Wolf Grey/Volt@en  Nike Mens Shoes Regular Training Grey/Volt @en,Nike Metcon 1 - Volt/White/Black/Pure Platinum@en  Nike Mens Shoes Platinum @en,en,en
358,1,Nike Kids Tiempo Rio III FG - Clear Jade/Black/Volt@en  Nike Junior Boots Firm Ground Jade/Black/Volt @en,Dziecięce buty Nike Tiempo Rio III FG - Jasny/Czarny/Volt@pl  Dziecięce piłkarskie Trawa naturalna Lanki Jasny/Czarny/Volt @pl,en,en
155,1,Nike Roshe One@en One Black Anthracite Sail 511881-010 - Purchaze@en,Nike Sportswear Roshe Run - Black / Anthracite Sail@en  Nike Mens Shoes Sail @en,en,en
523,1,Puma BOG Sock Core high risk red (362038-03)@eu (362038-03) | Bludshop.com@eu,Sneakers buty Puma BOG Sock Core high risk red (362038-03)@pl (362038-03) | Bludshop.com@pl,eu,eu
188,0,Nike Womens Air Zoom Pegasus 33 - Black/White/Anthracite/Cool Grey@en  Nike Grey Shoes 831356-001 @en,Nike Sportswear Air Huarache Run Ultra - Black@en  Mens Shoes Nike Black 819685-002 @en,en,en
528,0,Nike Womens Air Zoom Pegasus 33 - White/Black-Pink Blast-Electric Green@en  Nike Shoes Green @en,Nike Womens Air Zoom Pegasus 32 - Hyper Orange/Black-Volt-Opt Yellow@en  Nike Shoes Yellow @en,en,en
825,0,Nike Sportswear Womens Benassi Just Do It - Black@en  Shoes Nike Black 343881-011 @en,Puma King Top K Di FG - Black/White/Team Gold@en  Puma Mens Boots Firm Ground Gold @en,en,en
904,0,ASICS Gel-Quantum 360 Knit - White/Snow/Silver@en  ASICS White/Snow/Silver Mens Shoes T728N-0100 @en,Asics Gel-Resolution 7 - White/Silver@en-GB  Asics White/Silver Mens Shoes All Court @en-GB,en,en
817,0,Nike Air Max 90 Essential - White@en  Mens Shoes Nike White 537384-111 @en,Sneakers buty Nike Air More Uptempo white / light brown (414962-103)@pl (414962-103) | Bludshop.com@pl,en,en
717,0,Air Jordan 11Lab4 @fr Rouge | 719864-600 foot District@fr,Air Jordan 5 Retro@es-MX Retro – Lust México Webstore@es-MX,fr,fr
489,1,Puma Suede Classic+ - Cabernet@en  Mens Shoes Puma Cabernet 352634-75 @en,Puma Suede Classic+ - Cabernet@en  Mens Shoes Puma Cabernet 352634-75 @en,en,en
497,1,Nike Boys Roshe One (GS) - Black@en  Nike Black/Metallic Silver-White-White Shoes 599728-021 @en,Nike Boys Roshe One (GS) - Black@en  Nike Black/Metallic Silver-White-White Shoes 599728-021 @en,en,en
931,1,ASICS Tiger GEL-Lyte III - Black@en  Mens Shoes ASICS Black H534L-9090 @en,Asics Gel-Lyte III black (H534L-9090)@eu (H534L-9090) | Bludshop.com@eu,en,en
480,0,Nike Womens Air Zoom Pegasus 32 - Hyper Violet/Gamma Blue-White-Black@en  Nike Shoes Blue-White-Black @en,Nike Sportswear Womens Air Force 1 Low Upstep BR - White@en  Shoes Nike White 833123-100 @en,en,en
609,1,2016 Air Jordan 1 Retro High “Silver Medal” Gym Red/Metallic Silver-White@en-US Silver-White – Hoop Jordan@en-US,Jordan Air Jordan 1 Retro High - Gym Red@en  Mens Shoes Red 332550-602 @en,en-us,en-us
61,0,Nike Jr Mercurial Vapor X FG - Bright Crimson/Persian Violet/Black@en  Junior Football Boots Nike Firm Ground Violet/Black @en,Nike Mercurial Vapor XI FG - Black/Pink Blast@en  Nike Mens Boots Firm Ground Blast @en,en,en
369,1,Buty Nike Hypervenom Phelon II FG - Metaliczny Czerwony Brąz/Czarny/Zielony@pl  Męskie buty piłkarskie Trawa naturalna Lanki 749896-903 czerwony brąz-Czarny-Zielony @pl,Nike Hypervenom Phelon II FG - Metallic Red Bronze/Black/Green Glow/White@en  Nike Mens Soccer Shoes Firm Ground Glow/White @en,pl,pl
572,0,Nike Sportswear Benassi JDI - Black@en  Mens Shoes Nike Black 343880-090 @en,Nike Sportswear Just Do It Benassi - Midnight Navy@en  Mens Shoes Nike Navy 343880-403 @en,en,en
703,1,Nike Womens Air Zoom Pegasus 33 - Black/White/Anthracite/Cool Grey@en  Nike Grey Shoes 831356-001 @en,NIKE AIR ZOOM PEGASUS 33@en 33 - WOMAN RUNNING SHOES Nike colour Black 831356 001 Athletic footwear apparel and sports equipment@en,en,en
167,0,Concave Quantum + FG - White/Lime@en  Concave Mens Boots Firm Ground White/Lime @en,Puma King Top IN- Black/White/Gold@en  Puma Football Boots - Indoor Soccer Cleats Black-White-Team Gold @en,en,en
725,1,Puma evoPOWER 2.2 FG - Bianco/Eclisse Totale/Lava Blast@it  Puma Scarpe Uomo Terreni Compatti Bianco-Eclisse Totale-Lava Blast @it,Puma evoPOWER 2.2 FG - White/Total Eclipse/Lava Blast@en  Puma Mens Boots Firm Ground Blast @en,it,it
546,0,Asics Womens Gel-Noosa Tri 11 White Noise - White/White/Black@en  Asics Shoes White/White/Black @en,Asics Womens Gel-Noosa Tri 11 White Noise - Black/Black/Charcoal@en  Asics Shoes Black/Black/Charcoal @en,en,en
191,0,Air Jordan 11Lab4 @fr Rouge | 719864-600 foot District@fr,NIKE AIR HUARACHE RUN ULTRA MUJER@es,fr,fr
783,1,Nike Metcon 1 - Volt/Blanco/Negro/Platino@es  Nike -Zapatillas para hombre- Volt-Blanco-Negro-Platino @es,Nike Metcon 1 - Volt/White/Black/Pure Platinum@en  Nike Mens Shoes Platinum @en,es,es
148,0,Nike Zoom Speed TR3 - Red/White/Black/Crimson@en  Nike Mens Shoes Gym Red/White/Black/Bright Crimson @en,Nike Kawa Boy's Slide Sandals - Black/White@en Slides and Sandals@en,en,en
106,0,Puma Kids evoPOWER 4.3 FG - Blue Yonder/Puma White/Shocking Orange@en  Puma Orange Junior Boots Firm Ground @en,Puma Esito Classico FG - White/Black@en  Puma Mens Boots Firm Ground White/Black @en,en,en
943,1,ASICS Tiger GEL-Lyte III - Black@en  Mens Shoes ASICS Black H534L-9090 @en,Asics Gel Lyte III@en III Black H534L-9090 - Purchaze@en,en,en
530,0,Puma BOG Sock Core high risk red (362038-03)@eu (362038-03) | Bludshop.com@eu,Puma R698 Core Leather black-black-drizzle (360601-02)@eu (360601-02) | Bludshop.com@eu,eu,eu
590,0,Nike Womens Air Zoom Structure 19 - Hyper Violet/White-Gamma Blue-Photo Blue@en  Nike Shoes Blue @en,Nike Sportswear Air Max 90 Essential - University Blue@en  Mens Shoes Nike Blue 537384-416 @en,en,en
664,0,Nike Hypervenom Phelon II FG - Metallic Red Bronze/Black/Green Glow/White@en  Nike Mens Soccer Shoes Firm Ground Glow/White @en,Concave Halo+ Microfibre FG - White/Pink@en  Concave Mens Boots Firm Ground White/Pink @en,en,en
804,1,Nike Sportswear Boys Roshe One - Black@en  Shoes Nike Black / Cool Grey 599728-020 @en,Nike Junior Sportswear Roshe One (GS) - Nero/Grigio Cool@it  Nike Scarpe Cool @it,en,en
649,0,Asics Womens Gel-Noosa Tri 11 White Noise - White/White/Black@en  Asics Shoes White/White/Black @en,Asics Womens Fuze X - Diva Pink/White/Carbon@en  Asics Shoes Pink/White/Carbon @en,en,en
612,0,Puma King Top IN- Black/White/Gold@en  Puma Football Boots - Indoor Soccer Cleats Black-White-Team Gold @en,Puma King Pro SG - Blk/Wht/Gold@en  Puma Football Boots Soft Ground Soccer Cleats Black-White-Gold @en,en,en
667,1,Nike Air Zoom Structure 19 CP Femme - Blanc/ Volt/ Noir@fr  Nike femme chaussures pour blanc-volt-noir @fr,Nike Womens Air Zoom Structure 19 CP - White/Volt-Black@en  Nike Shoes White/Volt-Black @en,fr,fr
294,0,Nike Train Speed 4 - Black/White/Black@en  Nike Mens Shoes Regular Training Black/White/Black @en,NIKE FREE RUN@de RUN - DAMEN FREIZEIT SCHUHE Nike Farbe Violett 831509 500 Der Online-Shop für deine Sportbekleidung@de,en,en
809,0,Nike Zoom Speed TR3 - Red/White/Black/Crimson@en  Nike Mens Shoes Gym Red/White/Black/Bright Crimson @en,Nike Magista Opus FG - Uva/Argento Metallico/Verd Ghost@it  Nike Scarpe Uomo Terreni Compatti Uva-Argento Metallic-Verde Ghost @it,en,en
688,1,Nike Womens Air Zoom Structure 19 CP - White/Volt-Black@en  Nike Shoes White/Volt-Black @en,Nike Zoom Structure 19 Comp Pack Women's Running Shoes SP16 107@en 107 · Nike Moderate Support Tr ah@en,en,en
409,0,Asics Gel Lyte V@en V Latigo Bay Black H5V2L-8990 - Purchaze@en,Asics Fuze X Lyte 2 - Thunder Blue/Black/White@en  Asics Blue/Black/White Mens Shoes T719N-4990 @en,en,en
662,1,NIKE AIR ZOOM STRUCTURE TRIAX@en TRIAX - WOMAN RUNNING SHOES Nike colour Pink 806584 500 Athletic footwear apparel and sports equipment@en,Nike Womens Air Zoom Structure 19 - Hyper Violet/White-Gamma Blue-Photo Blue@en  Nike Shoes Blue @en,en,en
727,0,Air Jordans 5 Retro “Shanghai Shen” Black/Varsity Maize-Varsity Royal-Black For Sale@en-US Sale | New 2017@en-US,Air Jordans 5 Retro White/Fire Red-Black For Sale@en-US Sale | New 2017@en-US,en-us,en-us
897,0,Asics Gel-Zaraca 4 - Black/Onyx/Flash Yellow@en  Asics Mens Shoes Yellow @en,GT-2000 4 LITE-SHOW PLASMAGUARD@en-it PLASMAGUARD | Men GT Series ASICS@en-it,en,en
70,0,Puma King Top IN- Black/White/Gold@en  Puma Football Boots - Indoor Soccer Cleats Black-White-Team Gold @en,Puma King Allround TF - Black/White/Gold@en  Puma Football Boots Astro Turf Soccer Cleats Black-White-Gold @en,en,en
56,1,Puma evoSPEED 3.5 Cuir FG - Blanc Puma/ Noir Orange@fr  Puma chaussures pour homme terrain sec blanc noir orange @fr,Puma evoSPEED 3.5 Lth FG - Puma White/Puma Black/Shocking Orange@en  Orange Mens Soccer Cleats Firm Ground @en,fr,fr
800,1,NIKE MERCURIAL VICTORY IV FG@en apparel and sports equipment@en FG - MAN SOCCER SHOES Nike colour Yellow 555613 703 Athletic footwear,Nike Mercurial Victory IV FG - Yellow/Black/Lime@en  Nike Soccer Shoes Firm Ground Cleats Vibrant Yellow-Black-Neo Lime @en,en,en
477,0,Nike Air Max 90 Leather black / (302519-001)@eu (302519-001) | Bludshop.com@eu,Nike Sportswear Air Force 1 07 - Black@en  Mens Shoes Nike Black 315122-001 @en,eu,eu
918,0,Nike Sportswear Air Max 90 Essential - University Blue@en  Mens Shoes Nike Blue 537384-416 @en,Nike WMNS Air Max 90 Essential white / light brown crimson (616730-113)@eu (616730-113) | Bludshop.com@eu,en,en
566,1,Nike Air Max 90 Essential@en Essential Black 537384-090 - Purchaze@en,Nike Sportswear Air Max 90 Leather - Black@en  Mens Shoes Nike Black 537384-090 @en,en,en
146,1,2017 Air Jordan 13 Retro “Chicago” White/Black-Team Red Shoes For Sale@en-US Sale | Shoes@en-US,Air Jordan 13 Retro “Chicago” (#414571-122)@en-US (#414571-122) | SobeSoles.com@en-US,en-us,en-us
417,0,2018 New Jordan 13 Olive Black Light True Red@en-US Where to buy Release Date 2018@en-US,Supreme x Air Jordan 5 ‘Camo’ Desert Camo/Fire Red-Black@en-US Red-Black – Hoop Jordan@en-US,en-us,en-us
643,0,GT-2000 5 LITE-SHOW@en-gb LITE-SHOW | Women Women's Road Running Shoes ASICS@en-gb,GEL-FUJITRABUCO 5 G-TX@en-gb G-TX | Men Men's Running Gear ASICS@en-gb,en-gb,en-gb
48,1,Nike Boys Roshe One (GS) - Black@en  Nike Black/Metallic Silver-White-White Shoes 599728-021 @en,Nike Roshe One GS@en GS Black Metallic Silver White 599728-021 - Purchaze@en,en,en
44,1,Nike Sportswear Air Force 1 Mid 07 - Obsidian@en  Mens Shoes Nike Obsidian / Gum Light Brown 315123-408 @en,Air Force 1 Mid 07@en,en,en
451,0,Nike Premier FG Boots - Black/White@en  Nike Football The Black-White Firm Ground Mens 599427-018 @en,Nike Premier SG - Black/Summit White@en  Mens Boots The Nike Soft Ground Black-Summit White 698596-018 @en,en,en
903,0,Nike Free Trainer 3.0 V4 - Black/Team Red/University Red/Volt@en  Mens Shoes Nike Red/Volt 749361-066 @en,Nike Free Trainer 3.0 V4 - Black/Green/Solar/White@en  Mens Shoes Nike Black/Green/Solar/White 749361-034 @en,en,en
491,0,Nike Roshe One@en One Black Anthracite Sail 511881-010 - Purchaze@en,Nike Free RN Distance Mens Running Shoes - Black@en Black | Start Fitness@en,en,en
902,0,Puma King Top IN- Black/White/Gold@en  Puma Football Boots - Indoor Soccer Cleats Black-White-Team Gold @en,Puma King Top i FG Junior - Blk/Wht/Gold@en  Puma Football Boots Kids Soccer Cleats Black-White-Team Gold @en,en,en
136,0,Nike Mercurial Victory V Firm Ground Mens Football Boots - Orange@en Orange | Start Fitness@en,Nike Mercurial Veloce II Soft Ground Pro Mens Football Boots@en Boots | Start Fitness@en,en,en
301,0,Nike Womens Air Zoom Structure 19 - Hyper Violet/White-Gamma Blue-Photo Blue@en  Nike Shoes Blue @en,Nike Sportswear Womens Air Max Ultra BW - Black@en  Shoes Nike Black / Pure Platinum White 819638-001 @en,en,en
657,1,Nike HypervenomX Proximo IC - Metallic Red Bronze/Black/White@en  Nike Soccer Cleats Indoor Bronze/Black/White @en,Nike HypervenomX Proximo IN - Rouge Bronze/ Noir/ Blanc@fr  Nike chaussures pour homme indoor rouge bronze-noir-blanc @fr,en,en
162,1,Asics Gel-Lyte III (H63QQ-2323)@eu (H63QQ-2323) | Bludshop.com@eu,Asics Gel Lyte III@en III Valentines Pack H63QQ-2323 - Purchaze@en,eu,eu
573,0,Puma evoSPEED 4.5 Tricks FG - Pink Glo/Safety Yellow/Black@en  Puma Mens Shoes Firm Ground Yellow/Black @en,Puma evoSPEED 5.4 FG - Safety Yellow/Atomic Blue/White@en  Puma Mens Shoes Firm Ground Blue/White @en,en,en
894,1,Puma evoPOWER 4.2 FG JR - Peacoat-White-Bright Plasma@en  Junior Rugby Boots Puma Firm Ground Plasma 10322801 @en,Puma evoPOWER 4.2 FG JR - Peacoat-White-Bright Plasma@en  Junior Puma Football Boots Firm Ground Kids Soccer Cleats Plasma 10322801 @en,en,en
198,0,Nike Metcon 1 - Volt/White/Black/Pure Platinum@en  Nike Mens Shoes Platinum @en,Nike Air Zoom Pegasus 33 Women's Training Shoes - White/Pink/Green@en Women's Athletic Footwear@en,en,en
123,0,Nike Metcon 2 - Black/White@en  Nike Mens Shoes Black/White @en, Keen Yoyageur Black Olive/Inca Gold @de Keen - ch_de@de,en,en
476,0,Nike Free RN - White/Black-Pure Platinum@en  Nike Platinum Mens Shoes 831508-101 @en,Nike Nike Lunar Caldra - Obsidian/White/Blue@en  Mens Shoes Obsidian/White/Blue 803879-414 @en,en,en
196,0,Nike Girls Lunarglide 7 (GS) - Black/Metallic Silver-White-Pink Pow@en  Nike Pow Shoes 747966-001 @en,Star Trekkin' Metallic Boot@en,en,en
789,0,Nike Roshe One@en One Black 511881-026 - Purchaze@en,NIKE BENASSI JDI@de JDI - HERREN PANTOLETTEN Nike Farbe 343880 090 Der Online-Shop für deine Sportbekleidung@de,en,en
158,0,Air Jordans 5 Retro “Shanghai Shen” Black/Varsity Maize-Varsity Royal-Black For Sale@en-US Sale | New 2017@en-US,Air Jordan 9 Retro “Fontay Montana” Pure Platinum/Game Royal-Mandarin For Sale@en-US Sale | New Jordans 2015@en-US,en-us,en-us
898,1,Nike Womens Air Zoom Pegasus 32 - Hyper Violet/Gamma Blue-White-Black@en  Nike Shoes Blue-White-Black @en,Nike Femme Air Zoom Pegasus 32 - Hyper Violet/ Bleu Gamma/ Blanc/ Noir@fr  Nike chaussures pour femme hyper violet bleu gamma blanc noir @fr,en,en
248,0,Jordan Air Jordan 1 Retro High - Gym Red@en  Mens Shoes Red 332550-602 @en,David Spencer Marco 10 1/2 Medium Black Briar Waxy Casual Shoes@en  David Shoes at GlobalGolf.com @en,en,en
570,0,Nike Free Run Distance Women's Running Shoes SU16 501@en 501 · Nike Barefoot Trainers ah@en,Nike Air Zoom Pegasus 33 Women's Running Shoes FA16 501@en 501 · Nike Neutral Trainers ah@en,en,en
674,0,Asics Gel-Lyte III (H63QQ-2323)@eu (H63QQ-2323) | Bludshop.com@eu,ASICS GEL-Lyte V Ugly Christmas Jumper - Dark Green@en  Mens Shoes ASICS Tiger Green / Duffle Bag H6R2L-8082 @en,eu,eu
49,1,Nike Kids Tiempo Rio III FG - Clear Jade/Black/Volt@en  Nike Junior Boots Firm Ground Jade/Black/Volt @en,Nike Enfant Tiempo Rio III FG - Jade/ Noir/ Volt@fr  Nike chaussures pour enfant terrain sec jade noir volt @fr,en,en
670,0,Nike Mercurial Veloce III Ronaldo FG - Seaweed/Volt/Hasta/White@en  Nike Mens Soccer Cleats Firm Ground Seaweed/Volt/Hasta/White @en,NIKE AIR VIBENNA PREM@pl Nike ✓ Darmowa dostawa do domu ★ sklep Sizeer ★@pl,en,en
179,0,Puma Suede Classic+ - Cabernet@en  Mens Shoes Puma Cabernet 352634-75 @en,Puma Suede Classic+ - Black@en  Mens Shoes Puma Black 352634-03 @en,en,en
149,0,Nike WMNS Air Max Thea@en Thea White 599409-101 - Purchaze@en,Nike WMNS Air Max Thea@en Thea Black Wolf Grey Anthracite White 599409-007 - Purchaze@en,en,en
737,0,Puma evoSPEED 2.3 FG - Bright Plasma-White-Peacoat@en  Mens Rugby Boots Puma Firm Ground Plasma-White-Peacoat 10301204 @en,Puma evoTOUCH Pro FG - Black/White/Safety Yellow@en  Puma Yellow Mens Boots Firm Ground @en,en,en
761,0,Nike F.C. Free Hypervenom 2 - Black@en  Mens Shoes Nike Black / Team Red-Team Red-Metallic Gold 747140-006 @en,Nike F.C. Air Footscape Magista FK - Team Red@en  Mens Shoes Nike Red / Black-Team Red-Metallic Gold 830600-600 @en,en,en
663,1,Klapki klapki Nike WMNS Benassi Jdi black white (343881-011)@pl (343881-011) | Bludshop.com@pl,Nike WMNS Benassi Jdi black / white (343881-011)@eu (343881-011) | Bludshop.com@eu,pl,pl
550,1,Nike Mercurial Victory V Firm Ground Mens Football Boots - Orange@en Orange | Start Fitness@en,Nike Mercurial Victory V FG - Bright Mango/Metallic Silver/Hyper Turq@en  Nike Soccer Cleats Firm Ground Turq @en,en,en
792,0,Nike Tiempo Legacy II SG - Pure Platinum/Black/Hyper Orange@en  Nike Mens Boots Soft Ground Orange @en,Nike Kawa Adjustable Men's Slide Sandals - White/Black/White@en Slides and Sandals@en,en,en
975,0,Nike Kids Hypervenom Phelon II FG - Total Crimson/Obsidian/Vivid Purple@en  Nike Mens Boots Firm Ground Purple @en,Nike Kids Hypervenom Phelon II FG - Black/Volt@en  Nike Junior Boots Firm Ground Black/Volt @en,en,en
731,0,NIKE TIEMPO LEGACY IC@en apparel and sports equipment@en IC - MAN INDOOR SOCCER SHOES Nike colour Light blue 631522 418 Athletic footwear,Nike Zoom Speed Trainer Men's Training Shoes - Black/White@en Running and Training@en,en,en
856,0,Nike HypervenomX Proximo IC - Metallic Red Bronze/Black/White@en  Nike Soccer Cleats Indoor Bronze/Black/White @en,Nike Tiempo Mystic V FG - Black/White/Hyper Orange/Volt.@en  Nike Mens Boots Firm Ground Orange/Volt @en,en,en
24,0,Nike Air Max 90 Essential@en Essential Black White 537384-077 - Purchaze@en,Nike Air Max 90 Essential@en Essential Black Wolf Grey White 537384-053 - Purchaze@en,en,en
286,0,Nike Zoom Speed TR3 - Black/White@en  Mens Shoes Nike Black/White 804401-017 @en,Nike Zoom Speed TR3 - Red/White/Black/Crimson@en  Nike Mens Shoes Gym Red/White/Black/Bright Crimson @en,en,en
124,0,Nike Sportswear Air Force 1 07 - Wit@nl  Nike Heren Schoenen Wit / @nl,Nike Sportswear Air Force 1 07 - Black@en  Mens Shoes Nike Black 315122-001 @en,other,other
637,0,Nike Womens Air Zoom Pegasus 32 - Hyper Violet/Gamma Blue-White-Black@en  Nike Shoes Blue-White-Black @en,Nike Air Max Tavas@en Tavas Black Anthracite 705149-010 - Purchaze@en,en,en
352,0,Nike WMNS Classic Cortez Leather@en Leather White Black 807471-101 - Purchaze@en,Nike Sportswear Classic Cortez Leather - White@en  Mens Shoes Nike White / Midnight Navy-Gym Red 749571-146 @en,en,en
208,1,Nike Sportswear Air Max 1 (GS) - Zwart/Vivid Roze/Wit@nl  Nike Hardloopschoenen Zwart-Vivid Roze-Wit @nl,Nike Sportswear Air Max 1 (GS) - Black / Vivid Pink White@en  Nike Girls Shoes White @en,other,other
156,0,Nike Lunarglide 7 - Black/Summit White/Anthracite@en  Nike Mens Shoes White/Anthracite @en,Nike Zoom Speed TR3 - Green/White/Black@en  Mens Shoes Nike Green/White/Black 804401-310 @en,en,en
544,0,Asics Hyper LD 5 - Deep Blue/Onyx/Flash Yellow@en  Mens Shoes Asics Yellow G404Y-4399 @en,Asics Lethal Speed SG - Electric Blue/White/Flash Yellow@en  Asics Mens Boots Soft Ground Yellow @en,en,en
230,0,Asics Gel-Zaraca 4 - Black/Onyx/Flash Yellow@en  Asics Mens Shoes Yellow @en,Asics GT-2000 4 Liteshow Plasmaguard - Hot Orange/Silver/Black@en  Asics Plasmguard Orange/Silver/Black Mens Shoes T6F4N-3093 @en,en,en
771,1,Nike Sportswear Air Force 1 Mid 07 - White@en  Mens Shoes Nike White / 315123-111 @en,Nike Air Force 1 '07 Mid white (315123-111)@eu (315123-111) | Bludshop.com@eu,en,en
846,0,Puma Esito Classico FG - Black/White/Bronze@en  Puma Black/White/Bronze @en,Puma Liga Classico FG - Black/White/Puma Silver@en  Puma Silver @en,en,en
982,1,Asics Gel-Zaraca 4 - Schwarz/Onyx/Gelb@de  Asics Herrenschuhe Schwarz/Onyx/Gelb @de,Asics Gel-Zaraca 4 - Black/Onyx/Flash Yellow@en  Asics Mens Shoes Yellow @en,de,de
292,1,GEL-KAYANO 24 LITE-SHOW@en-nl LITE-SHOW | Men Road Running ASICS@en-nl,GEL-KAYANO 24 LITE-SHOW@nl-nl LITE-SHOW | Men Men's Road Running Shoes ASICS@nl-nl,en-nl,en-nl
399,1,Nike Sportswear Roshe Run - Midnight Navy / Black White@en  Mens Shoes Nike White @en,Nike Sportswear Roshe One - Midnight Navy@en  Mens Shoes Nike Navy 511881-405 @en,en,en
306,1,Asics Gel-Zaraca 4 - Black/Onyx/Flash Yellow@en  Asics Mens Shoes Yellow @en,Asics Gel-Zaraca 4 - Zwart/Onyx/Geel@nl  Asics Heren Hardloopschoenen Zwart-Onyx-Geel @nl,en,en
877,0,Nike WMNS Roshe Two black (844931-002)@eu (844931-002) | Bludshop.com@eu,Nike WMNS Roshe Two@en Two Black 844931-004 - Purchaze@en,eu,eu
689,0,Nike Free RN - Black/White-Anthracite@en  Nike Black/White-Anthracite Mens Shoes 831508-001 @en,Nike Free Run - Concord/Black-Hyper Cobalt-Photo Blue@en  Nike Blue Mens Shoes 831508-400 @en,en,en
834,0,Nike Womens Free 5.0 - Black/White-Dark Grey-Dove Grey-Wolf Grey@en  Nike Shoes Grey @en,Nike Womens Air Zoom Fit 2 - Black/White-Dark Grey-Wolf Grey@en  Nike Shoes Grey @en,en,en
774,0,Air Jordan 5 Retro White/Black-Fire Red Online For Sale@en-US Sale | New Jordans 2015@en-US,Shoes Air Jordan 1 Mid@en Mid 10219 | Shoes \ Retro - Basketball shop Basketmania@en,en-us,en-us
906,0,Nike Boys Roshe One (GS) - Black@en  Nike Black/Metallic Silver-White-White Shoes 599728-021 @en,Nike Sportswear Boys Roshe One - Black@en  Shoes Nike Black / Cool Grey 599728-020 @en,en,en
496,0,Nike Zoom Speed TR3 - Red/White/Black/Crimson@en  Nike Mens Shoes Gym Red/White/Black/Bright Crimson @en,Nike Nike Zoom Speed TR3 - Deep Royal Blue/White/Black@en  Mens Shoes Blue/White/Black 804401-414 @en,en,en
942,0,Air Jordan 14 Retro Low “Laney” Varsity Royal/Varsity Maize-Black-White For Sale@en-US Sale | Cheap Jordans 2017@en-US,Adidas Icon 3 Men's Mid Trainer Shoes - Black/White/Onix@en Running and Training@en,en-us,en-us
538,0,Nike F.C. Free Hypervenom 2 - Black@en  Mens Shoes Nike Black / Team Red-Team Red-Metallic Gold 747140-006 @en,Nike F.C. Roshe Tiempo VI - Black@en  Mens Shoes Nike Black / Black-Team Red-Metallic Gold 852613-001 @en,en,en
584,0,Nike Sportswear Womens Classic Cortez Nylon - Black@en  Shoes Nike Black / White 749864-011 @en,Nike Sportswear Classic Cortez Nylon - Black@en  Mens Shoes Nike Black 807472-011 @en,en,en
11,0,ASICS Tiger GEL-Kayano Trainer Evo Origami Pack - Black / Dark Grey@en  Mens Shoes ASICS Grey H621N-9016 @en,Asics Gel-Kayano Trainer Evo gecko green / guava (HN6D0-8873)@eu (HN6D0-8873) | Bludshop.com@eu,en,en
928,0,Nike WMNS Air Max BW Ultra@en Ultra Black Pure Platinum White 819638-001 - Purchaze@en,Nike Air Max 2016 - Black/White-Dark Grey@en  Nike Grey Mens Shoes 806771-001 @en,en,en
397,0,2016 Air Jordan 9 Retro “Copper Statue” White Black-Militia Green@en-US Green | Shoes@en-US, Keen Wichita Black/Drizzle @pl Keen - pl@pl,en-us,en-us
680,0,Asics Gel-Pulse 7 - Deep Cobalt/Silver/Hot Orange@en  Asics Mens Shoes Orange @en,Asics Fuze X Lyte 2 - Thunder Blue/Black/White@en  Asics Blue/Black/White Mens Shoes T719N-4990 @en,en,en
256,0,Nike Air Zoom Pegasus 33 Jungle Pack Women's Running Shoes FA16 406@en 406 · Nike Neutral Trainer ah@en,Nike Air Zoom Pegasus 33 Women's Running Shoes FA16 001@en 001 · Nike Neutral Trainers ah@en,en,en
360,1,Nike Sportswear Air Force 1 07 - White@en  Mens Shoes Nike White 315122-111 @en,Nike Sportswear Air Force 1 07 - White@en  Mens Shoes Nike White 315122-111 @en,en,en
564,0,Nike Sportswear Air Force 1 07 - White@en  Mens Shoes Nike White 315122-111 @en,Nike Sportswear Air Force 1 07 -Negro@es  Nike -Zapatillas para hombre-Negro @es,en,en
806,1,Puma evoSPEED 1.2 K FG - Blue/Peach@en  Puma Soccer Shoes Firm Ground Cleats Sharks Blue-Fluro Peach @en,Puma evoSPEED 1.2 K FG - Blue/Peach@en  Puma Rugby Boots Firm Ground Sharks Blue-Fluro Peach @en,en,en
66,0,Nike Tiempo Mystic V FG - Clear Jade/Black/Volt@en  Nike Mens Soccer Cleats Firm Ground Jade/Black/Volt @en,Nike Tiempo Genio II Leather FG - Clear Jade/Black/Volt@en  Nike Mens Boots Firm Ground Jade/Black/Volt @en,en,en
57,1,Nike Zoom Train Complete - Cannon/Black/Ghost Green/White@en-GB  Nike Mens Shoes Regular Training Green/White @en-GB,Nike Zoom Train Complete - Cannon/Black/Ghost Green/White@en  Nike Mens Shoes Regular Training Green/White @en,en-gb,en-gb
964,0,Nike Roshe One@en One Wolf Grey White 511881-023 - Purchaze@en,Nike Roshe One GS@en GS Black Metallic Silver White 599728-021 - Purchaze@en,en,en
881,1,Nike Mercurial Veloce III Ronaldo FG - Algue/ Volt/ Hasta/ Blanc@fr  Chaussures de football homme Nike CR7 Terrain sec Algue Volt Hasta Blanc I Pro Direct Soccer @fr,Nike Mercurial Veloce III Ronaldo FG - Seaweed/Volt/Hasta/White@en  Nike Mens Soccer Cleats Firm Ground Seaweed/Volt/Hasta/White @en,fr,fr
75,0,Nike Womens Air Zoom Structure 19 - Hyper Violet/White-Gamma Blue-Photo Blue@en  Nike Shoes Blue @en,Nike Womens Air Zoom Pegasus 32 - Hyper Violet/Gamma Blue-White-Black@en  Nike Shoes Blue-White-Black @en,en,en
490,0,Nike Womens Air Zoom Structure 19 CP - White/Volt-Black@en  Nike Shoes White/Volt-Black @en,Nike Air Zoom Structure 19 - White/Black-Electric Green-Concord@en  Nike Mens Shoes Green-Concord @en,en,en
583,1,Puma evoSPEED 3.5 Lth FG - Puma Black/Puma White/Red Blast@en  Blast Mens Soccer Cleats Firm Ground @en,Puma EvoSpeed 3.5 Leather FG – The Soccer Factory@en-US,en,en
592,0,ASICS Tiger GEL-Lyte III Granite Pack - Black / Chilli@en  Mens Shoes ASICS Chilli H6B2L-9024 @en,Asics Gel Lyte III@en III White H534L-0101 - Purchaze@en,en,en
228,1,Nike Kids Mercurial Victory V FG - White/Black/Volt/Total Orange@en  Nike Junior Boots Firm Ground Orange @en,Nike Junior Mercurial Victory V FG - Bianco/Nero/Volt/Arancione Totale@it  Nike Scarpe Terreni Compatti Totale @it,en,en
96,0,Nike Sportswear Roshe One - Midnight Navy@en  Mens Shoes Nike Navy 511881-405 @en,Nike Free Run Distance - Black/White-Dark Grey-Wolf Grey@en  Nike Grey Mens Shoes 827115-010 @en,en,en
380,0,Nike Damen Air Zoom Pegasus 33 - Marineblau/Silber/Karminrot@de  Nike Womens Damenschuhe Marineblau/Silber/Karminrot @de,Nike Air Zoom Pegasus 33 - Black/White/Anthracite/Cool Grey@en  Nike Grey Mens Shoes 831352-001 @en,de,de
535,0,Air Jordan 4 Retro “Motorsports” (#308497-117)@en-US (#308497-117) | SobeSoles.com@en-US,Air Jordan 11 Retro Low “University Blue” (#528895-106)@en-US (#528895-106) | SobeSoles.com@en-US,en-us,en-us
882,1,Nike Kids Hypervenom Phelon II FG - Total Crimson/Obsidian/Vivid Purple@en  Nike Mens Boots Firm Ground Purple @en,Nike Junior Hypervenom Phelon II FG - Cremise Total/Ossidiana/Viola Vivid@it  Nike Scarpe Terreni Compatti Vivid @it,en,en
343,0,Air Jordan 5 Retro White/Black-Fire Red Online For Sale@en-US Sale | New Jordans 2015@en-US,Nike Air Force 1 Low gym red / sail-deep royal blue (488298-626)@eu (488298-626) | Bludshop.com@eu,en-us,en-us
934,0,Puma Kids evoPOWER 4.3 FG - Blue Yonder/Puma White/Shocking Orange@en  Puma Orange Junior Boots Firm Ground @en,Puma Kids evoPOWER 3.3 FG - Blue Yonder/Puma White/Shocking Orange@en  Puma Orange Junior Boots Firm Ground @en,en,en
693,0,Nike Air Max 90 Essential@en Essential Black 537384-090 - Purchaze@en,NIKE WMNS AIR MAX THEA @pl | CZARNY 499.99 PLN Sneakersy 599409020@pl,en,en
218,0,Nike WMNS Air Force 1 Mid@en Mid White 366731-100 - Purchaze@en,Nike WMNS Air Max 90@en 90 Black 325213-043 - Purchaze@en,en,en
4,0,Air Jordan 14 Retro Low “Laney” Varsity Royal/Varsity Maize-Black-White For Sale@en-US Sale | Cheap Jordans 2017@en-US,Cheap Air Jordan 4 Retro “Motorsports” White/Varsity Blue-Black Sale@en-US Sale | Cheap Jordans 2017@en-US,en-us,en-us
785,0,GEL-NIMBUS 19@en-es 19 | Women Women's Road Running Shoes ASICS@en-es,GEL-NIMBUS 19@en-es 19 | Men Men's Road Running Shoes ASICS@en-es,en-es,en-es
647,0, Air Jordan 13 Retro playoff 2017@en Air 2017 - – The Sneaker Authority@en, Air Jordan 11 Retro Low columbia@en Air columbia - – The Sneaker Authority@en,en,en
656,1,Asics Gel Respector@en Respector Shadow Pack H5W3L-9090 - Purchaze@en,Gel Respector@en,en,en
421,1,ASICS Gel-Quantum 360 Knit - White/Snow/Silver@en  ASICS White/Snow/Silver Mens Shoes T728N-0100 @en,GEL-QUANTUM 360 KNIT HARDLOOPSCHOEN VOOR HEREN@nl-nl HEREN | Men Men's Easy Running Shoes ASICS@nl-nl,en,en
379,0,Nike Sportswear Air Max 90 Ultra Essential - White@en  Nike Mens Shoes White / Cool Grey Infrared Black @en,Nike Air Max Zero Essential - Black@en  Mens Shoes Nike Black 876070-010 @en,en,en
147,0,Nike Womens Air Zoom Pegasus 33 - Black/White/Anthracite/Cool Grey@en  Nike Grey Shoes 831356-001 @en,Nike Sportswear Air Force 1 07 - White@en  Mens Shoes Nike White 315122-111 @en,en,en
826,0,Nike Tiempo Legacy II SG - Pure Platinum/Black/Hyper Orange@en  Nike Mens Boots Soft Ground Orange @en,Nike Tiempo Legacy II FG - Black/White/Hyper Orange/Volt.@en  Nike Mens Boots Firm Ground Orange/Volt @en,en,en
412,1,Nike Tiempo Legend VI SG-Pro -Negro/Blanco/Dorado metalizado@es  Nike -Botas de futbol-Terrenos blandos-Negro/Blanco/Dorado metalizado @es,Nike Tiempo Legend VI SG-Pro - Black/White/Black/Metallic Gold@en  Nike Mens Boots Soft Ground Gold @en,es,es
47,1,Nike Train Speed 4 - Black/White/Black@en  Nike Mens Shoes Regular Training Black/White/Black @en,Nike Train Speed 4 - Negro/Blanco@es  Nike Zapatillas de deporte- Negro/Blanco @es,en,en
139,0,Nike Sportswear Roshe One - Wolf Grey@en  Mens Shoes Nike Grey 511881-023 @en,Nike Sportswear Air Max LD Zero - Negro@es  Zapatillas de hombre-Nike Negro 848624-005 @es,en,en
287,0,Nike Free Run Distance - Black/White-Dark Grey-Wolf Grey@en  Nike Grey Mens Shoes 827115-010 @en,Nike Free Run Distance - Gamma Blue/Black-Heritage Cyan@en  Nike Mens Shoes Cyan @en,en,en
331,1,Air Jordan 4 Retro “Motorsports” (#308497-117)@en-US (#308497-117) | SobeSoles.com@en-US, Air Jordan 4 Retro motorsports@en Air motorsports - – The Sneaker Authority@en,en-us,en-us
948,0,Nike Lunarglide 7 - Black/Summit White/Anthracite@en  Nike Mens Shoes White/Anthracite @en,Nike Air Zoom Pegasus 33 - Concord/White-Black-Electric Green@en  Nike Mens Shoes Green @en,en,en
206,1,Concave Quantum + FG - White/Lime@en  Concave Mens Boots Firm Ground White/Lime @en,Concave Quantum + FG - White/Lime@en  Concave Mens Soccer Cleats Firm Ground White/Lime @en,en,en
747,0,Puma evoSPEED 3.5 Lth FG - Puma Black/Puma White/Red Blast@en  Blast Mens Soccer Cleats Firm Ground @en,Nike Hypervenom Phelon II FG - Volt/Black/Hyper Turquoise@en  Nike Mens Soccer Cleats Firm Ground Turquoise @en,en,en
756,0,Nike Free RN Flyknit - Black/White@en  Nike Black/White Mens Shoes 831069-001 @en,Nike Womens Free RN Flyknit - Black/White@en  Nike Black/White Shoes 831070-001 @en,en,en
211,0, Air Jordan 13 Retro playoff 2017@en Air 2017 - – The Sneaker Authority@en, Air Jordan 7 Retro pantone @en Air - – The Sneaker Authority@en,en,en
751,0,Nike Air Zoom Pegasus 33 Men's Running Shoes FA16 001@en 001 · Nike Neutral Trainers ah@en,Nike Air Zoom Pegasus 33 - Concord/White-Black-Electric Green@en  Nike Mens Shoes Green @en,en,en
420,0,Nike Zoom Train Complete - Cannon/Black/Ghost Green/White@en-GB  Nike Mens Shoes Regular Training Green/White @en-GB,Nike Free Run - Concord/Black-Hyper Cobalt-Photo Blue@en  Nike Blue Mens Shoes 831508-400 @en,en-gb,en-gb
602,1,Nike Air Max 90 Ultra 2.0 LTR@en LTR Flax Sail Gum Medium Brown 924447-200 - Purchaze@en,Nike Air Max 90 Ultra 2.0 LTR@en LTR Flax Sail Gum Medium Brown 924447-200 - Purchaze@en,en,en
29,0,Puma evoSPEED 1.2 K FG - Blue/Peach@en  Puma Soccer Shoes Firm Ground Cleats Sharks Blue-Fluro Peach @en,Puma evoPOWER 1.2 FG - Peacoat-White-Bright Plasma@en  Puma Soccer Shoes Firm Ground Cleats Plasma 10317101 @en,en,en
684,0,Nike Womens Air Zoom Pegasus 33 - White/Black-Pink Blast-Electric Green@en  Nike Shoes Green @en,Nike Air Zoom Structure 19 - White/Black-Electric Green-Concord@en  Nike Mens Shoes Green-Concord @en,en,en
262,0,Nike Roshe Two@en Two Black 844656-001 - Purchaze@en,Nike WMNS Roshe Two@en Two Black 844931-004 - Purchaze@en,en,en
551,0,Puma evoSPEED SL FG - Total Eclipse/Lava Blast/White@en  Puma Mens Boots Firm Ground Blast/White @en,Puma King Enfant Top i FG - Noir/ Blanc/ Or@fr  chaussures de football enfant Puma Or 10246601 @fr,en,en
221,0,Nike Kids Magista Obra II FG - Rio Teal/Volt/Obsidian/Clear Jade@en  Nike Mens Boots Firm Ground Jade @en,Nike Magista Ola II FG - Rio Teal/Volt/Obsidian/Clear Jade@en  Nike Mens Soccer Cleats Firm Ground Jade @en,en,en
498,0,Nike Sportswear Air Max 90 Ultra Essential - White@en  Nike Mens Shoes White / Cool Grey Infrared Black @en,Classic Polo@en Women's Essential Breton Tee in Navy/White Linen Stripe from Crew Clothing@en,en,en
956,0,Nike Kids Mercurial Victory V FG - White/Black/Volt/Total Orange@en  Nike Junior Boots Firm Ground Orange @en,Nike Mercurial Victory V FG - White/Volt/Hyper Pink/Black@en  Mens Rugby Boots Nike Firm Ground Pink/Black 651632-170 @en,en,en
138,1,Nike AIR Zoom Pegasus 32 Men's Training Shoes - Total Orange/Ghost Green/Black@en Clearance Footwear@en,Nike AIR Zoom Pegasus 32 Men's Training Shoes - Total Orange/Ghost Green/Black@en Running and Training@en,en,en
805,1,Nike WMNS Air Force 1 Mid (366731-100)@en,Nike WMNS Air Force 1 Mid@en Mid White 366731-100 - Purchaze@en,en,en
862,0,Air Jordans 6 Retro “Champagne Bottle” Pro Green/Metallic Gold-Chilling Red-Black@en-US Red-Black | 2017 Air Jordan Shoes@en-US,Brooks Womens Revel - White/Anthracite/Black@en  Brooks White/Anthracite/Black Shoes 1202491B155 @en,en-us,en-us
470,0,Air Jordan 4 Retro “Motorsports” (#308497-117)@en-US (#308497-117) | SobeSoles.com@en-US, Air Jordan 4 Retro alternate motorspots@en Air motorspots - Pre Order – The Sneaker Authority@en,en-us,en-us
204,0,Nike Air Max 90 Ultra 2.0 LTR@en LTR Flax Sail Gum Medium Brown 924447-200 - Purchaze@en,Nike Air Max 90 Essential@en Essential Wolf Grey Binary Blue 537384-064 - Purchaze@en,en,en
323,1,Air Jordan 11Lab4 @fr Rouge | 719864-600 foot District@fr, Air Jordan 11Lab4 red@en Air red - New Arrivals – The Sneaker Authority@en,fr,fr
705,0,Nike Free RN - White/Black-Pure Platinum@en  Nike Platinum Mens Shoes 831508-101 @en,NIKE FREE RUN@en RUN - MAN TIME SHOES Nike colour Black 831508 001 Athletic footwear apparel and sports equipment@en,en,en
832,0,Nike Zoom Train Complete - Cannon/Black/Ghost Green/White@en-GB  Nike Mens Shoes Regular Training Green/White @en-GB,Nike Sportswear Air Max 90 Essential - University Blue@en  Mens Shoes Nike Blue 537384-416 @en,en-gb,en-gb
321,1,NIKE TIEMPO LEGACY IC@en apparel and sports equipment@en IC - MAN INDOOR SOCCER SHOES Nike colour Light blue 631522 418 Athletic footwear,Nike Tiempo Legacy Indoor - Neo Turq/White/Hyper Crimson@en  Nike Futsal Shoes Turq-White-Hyper Crimson Soccer Cleats 631522-418 @en,en,en
128,0,Asics Fuze X - Asics Blue/Blue/Hot Orange@en  Mens Shoes Orange @en,Asics Fuze X Lyte 2 - Thunder Blue/Black/White@en  Asics Blue/Black/White Mens Shoes T719N-4990 @en,en,en
759,0,Nike Kids Tiempo Rio III FG - Clear Jade/Black/Volt@en  Nike Junior Boots Firm Ground Jade/Black/Volt @en,Nike Tiempo Rio III SG - Clear Jade/Black/Volt@en  Nike Mens Boots Soft Ground Jade/Black/Volt @en,en,en
25,0,Nike Train Speed 4 - Black/White/Black@en  Nike Mens Shoes Regular Training Black/White/Black @en,NIKE MD RUNNER 2 BG@pl Nike dla dzieci ✓ Darmowa dostawa do domu ★ sklep Sizeer ★@pl,en,en
536,0,Nike Hypervenom Phatal II Df Ltr FG - Black/Black-Total Orange-Total Orange@en  Nike Mens Football Boots Firm Ground Orange @en,Nike Jr Hypervenom Phelon FG - Black/Black/Black/Total Orange@en  Junior Rugby Boots Nike Firm Ground Orange @en,en,en
704,0,Nike Kids Hypervenom Phantom II FG - Volt/Black/Hyper Turquoise@en  Nike Junior Boots Firm Ground Turquoise @en,Puma King Top M.I.I FG - Black/White/Team Gold@en  Puma Mens Boots Firm Ground Gold @en,en,en
618,0,Air Jordan 14 Retro Low “Laney” Varsity Royal/Varsity Maize-Black-White For Sale@en-US Sale | Cheap Jordans 2017@en-US,GEMINI II LOW S1P SRC @es - Diadora Tienda Online,en-us,en-us
749,1,Nike WMNS Air Max Thea@en Thea White 599409-101 - Purchaze@en,NIKE AIR MAX THEA@en apparel and sports equipment@en THEA - WOMAN FREE TIME SHOES Nike colour White 599409 101 Athletic footwear,en,en
945,1,Air Jordan 5 Low “Dunk From Above” White/Metallic Gold Star-Midnight Navy For Sale@en-US Sale | New Jordans 2016@en-US,2016 Air Jordan 5 Low “Dunk From Above” White/Metallic Gold Star-Midnight Navy For Sale@en-US Sale | Retro Shoes@en-US,en-us,en-us
404,0,2016 Air Jordan 9 Retro “Copper Statue” White Black-Militia Green@en-US Green | Shoes@en-US,Concave Quantum + SG - Black/White@en  Concave Mens Boots Soft Ground Black/White @en,en-us,en-us
707,1,Nike Air Zoom Pegasus 32 Femme - Hyper Orange/ Noir/ Volt/ Jaune@fr  Nike femme chaussures pour hyper orange-noir-volt-jaune @fr,Nike Womens Air Zoom Pegasus 32 - Hyper Orange/Black-Volt-Opt Yellow@en  Nike Shoes Yellow @en,fr,fr
655,1,Concave Halo+ Kids FG - Blue/White@en  Concave Junior Boots Firm Ground Blue/White @en,Concave Halo+ Youths FG - Blue/White@en  Concave Kids Soccer Cleats Firm Ground Blue/White @en,en,en
133,1,Nike Sportswear Tennis Classic CS - White@en  Mens Shoes Nike White 683613-104 @en,Tennis Classic CS@en,en,en
258,0,Puma evoSPEED SL FG - Total Eclipse/Lava Blast/White@en  Puma Mens Boots Firm Ground Blast/White @en,Puma evoSPEED 1.4 FG - Lava Blast/White/Total Eclipse@en  Puma Mens Boots Firm Ground Eclipse @en,en,en
512,0,Nike Sportswear Roshe One - Midnight Navy@en  Mens Shoes Nike Navy 511881-405 @en,Nike Lunarglide 7 - Black/Summit White/Anthracite@en  Nike Mens Shoes White/Anthracite @en,en,en
272,1,Nike Lunarglide 7 (GS) Fille - Noir / Argent Blanc Rose@fr  Nike chaussures enfant noir-argent-blanc-rose @fr,Nike Girls Lunarglide 7 (GS) - Black/Metallic Silver-White-Pink Pow@en  Nike Pow Shoes 747966-001 @en,fr,fr
252,0,Nike Womens Air Zoom Pegasus 32 - Hyper Orange/Black-Volt-Opt Yellow@en  Nike Shoes Yellow @en,Nike Hypervenom Phelon II FG - White/Black/Total Orange/Volt@en  Nike Mens Soccer Cleats Firm Ground Orange/Volt @en,en,en
908,0,Nike Free Run Distance - Black/White-Dark Grey-Wolf Grey@en  Nike Grey Mens Shoes 827115-010 @en,Nike Free Run - White/Black@en  Nike Mens Shoes White/Black @en,en,en
279,0,Nike Zoom Structure 19 Comp Pack Men's Running Shoes SP16 007@en 007 · Nike Moderate Support Trai ah@en,GEL-BLADE 5@en-fr 5 | Men Men's Squash & Badminton Shoes ASICS@en-fr,en,en
463,1,Air Jordan 14 Retro Low “Laney” Varsity Royal/Varsity Maize-Black-White For Sale@en-US Sale | Cheap Jordans 2017@en-US,Air Jordan 14 Retro laney@en laney - New Arrivals – The Sneaker Authority@en,en-us,en-us
950,0,Nike Free Run - Concord/Black-Hyper Cobalt-Photo Blue@en  Nike Blue Mens Shoes 831508-400 @en,Nike Free RN - Black/White-Anthracite@en  Nike Black/White-Anthracite Mens Shoes 831508-001 @en,en,en
203,0,Nike Mercurial Victory IV FG - Yellow/Black/Lime@en  Nike Soccer Shoes Firm Ground Cleats Vibrant Yellow-Black-Neo Lime @en,NIKE FREE 5.0@en 5.0 - WOMAN TIME SHOES Nike colour Black 724383 002 Athletic footwear apparel and sports equipment@en,en,en
601,0,Nike Boys Roshe One (GS) - Black@en  Nike Black/Metallic Silver-White-White Shoes 599728-021 @en,Nike Sportswear Roshe One (GS) - Schwarz/Grau@de  Nike Kinderschuhe Schwarz/Grau @de,en,en
927,1,Vans Classic Slip-On black (VN-0EYEBLK)@eu (VN-0EYEBLK) | Bludshop.com@eu,Vans VANS CLASSIC SLIP ON SKATE SHOES 10 (BLACK)@en-US Skateboarding - Page 8 | Tar Wheels Skate Way@en-US,eu,eu
383,0,Puma evoPower 4.2 Firm Ground Junior Football Boots - Grey@en | Start Fitness@en,Puma King II FG - Safety Yellow/Black@en  Puma Mens Shoes Firm Ground Yellow/Black @en,en,en
396,0,Asics Fuze X - Asics Blue/Blue/Hot Orange@en  Mens Shoes Orange @en,Asics Womens Gel-Pulse 8 - Diva Pink/White/Dark Purple@en  Asics Purple Shoes T6E6N-2001 @en,en,en
586,1,Puma Suede Classic+ - Cabernet/Bianco@it  Scarpe Uomo Puma Cabernet/Bianco @it,Puma Suede Classic+ - Cabernet@en  Mens Shoes Puma Cabernet 352634-75 @en,it,it
427,1,Air Jordan 13 Retro French Blue/Flint Grey-White Newest For Sale Online@en-US Online | New Jordans 2015@en-US,Air Jordans 13 Retro French Blue/Flint Grey-White For Sale@en-US Sale | New 2017@en-US,en-us,en-us
68,1,Nike Hypervenom Phatal II DF Cuir FG - Noir/Orange Total@fr  Nike chaussures de football homme terrain sec noir-noir-orange total @fr,Nike Hypervenom Phatal II Df Ltr FG - Black/Black-Total Orange-Total Orange@en  Nike Mens Football Boots Firm Ground Orange @en,fr,fr
117,0,Nike Kids Mercurial Victory V FG - White/Black/Volt/Total Orange@en  Nike Junior Boots Firm Ground Orange @en,Puma evoTOUCH 2 FG - Black/White/Safety Yellow@en  Puma Yellow Mens Soccer Cleats Firm Ground @en,en,en
85,1,GEL-DS TRAINER 22 NC@en-es NC | Women Women's Fast Running Shoes ASICS@en-es,GEL-DS TRAINER 22 NC@en-de NC | Women Fast Running ASICS@en-de,en-es,en-es
86,0,Nike Air Zoom Pegasus 33 - Concord/White-Black-Electric Green@en  Nike Mens Shoes Green @en,Nike Air Zoom Pegasus 33 - Wolf Grey/Black/Dark Grey/Photo Blue@en  Nike Blue Mens Shoes 831352-004 @en,en,en
507,0,Puma evoSPEED 4.5 Tricks FG - Pink Glo/Safety Yellow/Black@en  Puma Mens Shoes Firm Ground Yellow/Black @en,Nike Kids Mercurial Vapor X FG - Squadron Blue/Black/Volt@en  Nike Junior Boots Firm Ground Blue/Black/Volt @en,en,en
580,0,Nike Free RN - Black/White-Anthracite@en  Nike Black/White-Anthracite Mens Shoes 831508-001 @en,Nike Free Run Flyknit - Black/White@en  Nike Black/White Mens Shoes 831069-001 @en,en,en
151,0,Nike Zoom Winflo 3 - Racer Blue/Blue Glow-Black-White@en  Nike Glow-Black-White Mens Shoes 831561-401 @en, Hogan Interactive Sneaker in dark blue suede @en Hogan suede@en,en,en
165,0,ASICS Tiger GEL-Kayano Trainer Evo Origami Pack - Black / Dark Grey@en  Mens Shoes ASICS Grey H621N-9016 @en,ASICS Tiger Gel-Lyte - White@en  Womens Shoes ASICS TIGER White HN7F6-0101 @en,en,en
925,1,Air Jordan 14 Retro Low “Laney” Varsity Royal/Varsity Maize-Black-White For Sale@en-US Sale | Cheap Jordans 2017@en-US,Air Jordan 14 Retro Low “Laney” Varsity Royal/Varsity Maize-Black-White For Sale@en-US,en-us,en-us
629,0,Nike Free Run Flyknit - Black/White@en  Nike Black/White Mens Shoes 831069-001 @en,Womens Nike Free Run Flyknit - Black/White@en-GB  Womens Black/White Shoes 831070-001 @en-GB,en,en
947,0,Nike Tiempo Legacy II SG - Pure Platinum/Black/Hyper Orange@en  Nike Mens Boots Soft Ground Orange @en,Nike Mercurial Veloce II Leather FG - Black/Hyper Pink@en  Nike Soccer Cleats Firm Ground Black/Black-Hyper Pink-Hyper Pink @en,en,en
429,1,Puma evoSPEED 4.5 Tricks FG - Pink Glo/Safety Yellow/Black@en  Puma Mens Shoes Firm Ground Yellow/Black @en,PUMA EVOSPEED 4.5 TRICKS FG@en apparel and sports equipment@en FG - MAN SOCCER SHOES Puma colour Multicolor 103592 01 Athletic footwear,en,en
113,1,Puma King Top IN- Black/White/Gold@en  Puma Football Boots - Indoor Soccer Cleats Black-White-Team Gold @en,Puma King IT - Nero/Bianco/Oro@it  Scarpe Calcio Puma IT- Campi Coperti Nero/Bianco/Oro @it,en,en
254,0,Puma evoSPEED 2.3 FG - Bright Plasma-White-Peacoat@en  Mens Rugby Boots Puma Firm Ground Plasma-White-Peacoat 10301204 @en,Nike Kids Mercurial Victory V FG - White/Black/Volt/Total Orange@en  Nike Junior Boots Firm Ground Orange @en,en,en
611,1,Nike Free RN - Black/White-Anthracite@en  Nike Black/White-Anthracite Mens Shoes 831508-001 @en,Nike Free Rn (831508-001)@es-ES (831508-001) - footstop@es-ES,en,en
483,1,Asics Fuze X - Asics Blue/Blue/Hot Orange@en  Mens Shoes Orange @en,Asics FuzeX Men's Running Shoes SS16 4350@en 4350 · Asics Barefoot Trainers ah@en,en,en
494,0,Nike Hypervenom Phatal II Df Ltr FG - Black/Black-Total Orange-Total Orange@en  Nike Mens Football Boots Firm Ground Orange @en,Nike Academy 16 Knit Tracksuit 2 - University Red/Black/Gym Red/White@en  Nike Mens Football Teamwear Red/White @en,en,en
576,0,Asics Fuze X - Asics Blue/Blue/Hot Orange@en  Mens Shoes Orange @en,Asics Womens Fuze X - Diva Pink/White/Carbon@en  Asics Shoes Pink/White/Carbon @en,en,en
650,0,Jordan Air Jordan 1 Retro High - Gym Red@en  Mens Shoes Red 332550-602 @en,Air Jordan 4 Retro 11Lab4 “Red Patent Leather” Shoes For Sale@en-US Sale | Shoes@en-US,en,en
161,0,Puma Esito Classico FG - Black/White/Bronze@en  Puma Black/White/Bronze @en,Puma evoSPEED 4.4 FG - Lava Blast/White/Total Eclipse@en  Puma Mens Boots Firm Ground Eclipse @en,en,en
537,0,2017 All-Star Air Jordan 6 Retro “Chameleon” Cheap For Sale Online@en-US Online | Shoes@en-US,Air Jordan 6 Retro GS Premium “Heiress”Black White Girls Size For Sale@en-US Sale | Shoes@en-US,en-us,en-us
265,0,2017 Air Jordan 13 Retro “Chicago” White/Black-Team Red Shoes For Sale@en-US Sale | Shoes@en-US,Shoes Air Jordan 1 Mid@en Mid 10329 | Shoes \ Retro - Basketball shop Basketmania@en,en-us,en-us
222,0,Nike F.C. Free Hypervenom 2 - Black@en  Mens Shoes Nike Black / Team Red-Team Red-Metallic Gold 747140-006 @en, Patagonia R3 Wool Lined Split Toe Booties Black @cs Patagonia - cz@cs,en,en
600,0,Nike Air Zoom Pegasus 33 Women's Running Shoes FA16 001@en 001 · Nike Neutral Trainers ah@en,Nike Air Zoom Pegasus 33 - Black/White/Anthracite/Cool Grey@en  Nike Grey Mens Shoes 831352-001 @en,en,en
848,1,Nike Sportswear Roshe One - Wolf Grey@en  Mens Shoes Nike Grey 511881-023 @en,Nike Sportswear Roshe Run - Wolf Grey / White@en  Nike Mens Shoes White @en,en,en
319,0,Puma evoSPEED 1.2 K FG - Blue/Peach@en  Puma Soccer Shoes Firm Ground Cleats Sharks Blue-Fluro Peach @en,PUMA BASKET PLATFORM PATENT WN'S@pl Puma damskie ✓ Darmowa dostawa do domu ★ sklep Sizeer ★@pl,en,en
638,0,Nike Roshe One@en One Black Anthracite Sail 511881-010 - Purchaze@en,Nike Air Zoom Pegasus 33 - Black/White/Anthracite/Cool Grey@en  Nike Grey Mens Shoes 831352-001 @en,en,en
391,1,Nike Tiempo Legacy II SG - Czysta Platyna/Czarny/Pomarańczowy@pl  Nike Męskie buty piłkarskie Miękka nawierzchnia Wkręty Platyna Czarny Pomarańczowy @pl,Nike Tiempo Legacy II SG - Pure Platinum/Black/Hyper Orange@en  Nike Mens Boots Soft Ground Orange @en,pl,pl
987,0,Nike Sportswear Air Max LD Zero - Black@en  Mens Shoes Nike Black / Black-Dark Grey 848624-005 @en,Nike Sportswear Womens Air Max Zero - Glacier Blue@en  Shoes Nike Blue/Black-Ivory-Palm Green 857661-400 @en,en,en
869,1,Nike Free Rn Flyknit (831069-001)@es-ES (831069-001) - footstop@es-ES,Nike Free RN Flyknit - Black/White@en  Nike Black/White Mens Shoes 831069-001 @en,es-es,es-es
459,0,Nike Zoom Train Complete - Cannon/Black/Ghost Green/White@en-GB  Nike Mens Shoes Regular Training Green/White @en-GB,Nike Sportswear Womens Classic Cortez Nylon - Black@en  Shoes Nike Black / White 749864-011 @en,en-gb,en-gb
105,1,Nike Zoom Speed TR3 -Negro/Blanco@es  Nike -Zapatillas para hombre-Negro-Blanco @es,Nike Zoom Speed TR3 - Noir/ Blanc@fr  Nike chaussures pour homme noir-blanc @fr,es,es
269,1,ASICS GEL-Kayano Trainer Knit MT - Schwarz@de  ASICS Schwarz Herren Schuhe @de,ASICS Tiger GEL-Kayano Trainer Knit MT - Black@en  Mens Shoes ASICS Black H7P4N-9090 @en,de,de
696,0,Asics Gel Sonoma 3 GTX - Black/Onyx/Carbon@en  Asics Black/Onyx/Carbon Mens Shoes T727N-9099 @en,Asics Fuze X Lyte 2 - Thunder Blue/Black/White@en  Asics Blue/Black/White Mens Shoes T719N-4990 @en,en,en
506,0,Vans Classic Slip-On black (VN-0EYEBLK)@eu (VN-0EYEBLK) | Bludshop.com@eu,Nike Wmns Classic Cortez Leather white / black (807471-101)@eu (807471-101) | Bludshop.com@eu,eu,eu
175,1,Nike Free RN - Blanc/ Noir/ Platine@fr  Nike chaussures pour homme blanc noir platine @fr,Nike Free RN - White/Black-Pure Platinum@en  Nike Platinum Mens Shoes 831508-101 @en,fr,fr
91,0,Nike Free RN Flyknit - Black/White@en  Nike Black/White Mens Shoes 831069-001 @en,Nike Free Run - Concord/Black-Hyper Cobalt-Photo Blue@en  Nike Blue Mens Shoes 831508-400 @en,en,en
565,1,Dziecięce buty Nike Hypervenom Phantom II FG - Volt/Czarny/Turkusowy@pl  Dziecięce piłkarskie Trawa naturalna Lanki Volt/Czarny/Turkusowy @pl,Nike Kids Hypervenom Phantom II FG - Volt/Black/Hyper Turquoise@en  Nike Junior Boots Firm Ground Turquoise @en,pl,pl
619,1,Cheap Air Jordan 11 (XI) “Midnight Navy” Black Friday 378037-123 For Sale@en-US Sale | Retro Shoes@en-US,2017 Air Jordan 11 (XI) “Midnight Navy” Black Friday Cheap Sale@en-US Sale | Jordans 2017@en-US,en-us,en-us
482,1, Air Jordan 13 Retro playoff 2017@en Air 2017 - – The Sneaker Authority@en,JORDAN 13 “BRED”@en-US “BRED” | The Basement Clothing@en-US,en,en
330,1,Cheap Air Jordan 11 (XI) “Midnight Navy” Black Friday 378037-123 For Sale@en-US Sale | Retro Shoes@en-US,Air Jordan 11 Retro@en Retro Blue White | 378037-123 footdistrict.com@en,en-us,en-us
183,0,Air Jordan 5 Low “Dunk From Above” White/Metallic Gold Star-Midnight Navy For Sale@en-US Sale | New Jordans 2016@en-US,2016 Air Jordan 11 Low “Cherry” White/Varsity Red Cheap For Sale@en-US Sale | Retro Shoes@en-US,en-us,en-us
519,0,Nike Mercurial Victory V FG - White/Black/Volt/Total Orange@en  Nike Mens Soccer Cleats Firm Ground Orange @en,Nike Mercurial Victory V FG - White/Volt/Hyper Pink/Black@en  Mens Football Boots Nike Firm Ground Soccer Cleats Pink/Black 651632-170 @en,en,en
822,1,Sneakers buty Nike WMNS Air Max 90 black / - 325213-043@pl 325213-043 | Bludshop.com@pl,Nike WMNS Air Max 90@en 90 Black 325213-043 - Purchaze@en,pl,pl
671,0,Nike F.C. Free Hypervenom 2 - Black@en  Mens Shoes Nike Black / Team Red-Team Red-Metallic Gold 747140-006 @en,Nike F.C. Zoom Mercurial XI FK - University Red@en  Mens Shoes Nike Red / Black-Team 852616-600 @en,en,en
371,0,Nike Free Run Distance - Noir/Blanc/Gris@fr  Chaussures homme Nike Noir-Blanc-Gris @fr,Nike Free Run Distance - Bleu Gamma/ Noir/ Cyan@fr  Nike chaussures pour homme bleu gamma noir cyan @fr,fr,fr
621,0,Asics Gel-Noosa Tri 11 (T676Q-9090)@es-ES (T676Q-9090) - footstop@es-ES,Asics Womens Gel-Noosa Tri 11 White Noise - White/White/Black@en  Asics Shoes White/White/Black @en,es-es,es-es
362,0,Nike WMNS Air Max 90 Essential white / light brown crimson (616730-113)@eu (616730-113) | Bludshop.com@eu,Nike Air Max 90 Essential@en Essential Wolf Grey Binary Blue 537384-064 - Purchaze@en,eu,eu
753,0,Nike Air Force 1 '07 Mid white (315123-111)@eu (315123-111) | Bludshop.com@eu,Nike Kids Air Force 1 - Black@en  Nike Black Boys Shoes 314192-009 @en,eu,eu
742,0,NIKE TIEMPO LEGACY IC@en apparel and sports equipment@en IC - MAN INDOOR SOCCER SHOES Nike colour Light blue 631522 418 Athletic footwear,NIKE TIEMPO LEGACY II FG@en FG - MAN SOCCER SHOES Nike colour White 819218 108 Athletic footwear apparel and sports equipment@en,en,en
518,0,Nike Metcon 2 - Black/White@en  Nike Mens Shoes Black/White @en,Nike Free Train Versatility - White/Black@en  Nike Mens Shoes White/Black @en,en,en
636,0,Nike Zoom Train Complete - Cannon/Black/Ghost Green/White@en-GB  Nike Mens Shoes Regular Training Green/White @en-GB,Nike Train Speed 4 - Black/Blue Glow/White@en  Nike Mens Shoes Regular Training Glow/White @en,en-gb,en-gb
969,0,Nike Metcon 1 - Volt/White/Black/Pure Platinum@en  Nike Mens Shoes Platinum @en,Concave Volt 1.0 SG - Black/White@en  Concave Mens Boots Soft Ground Black/White @en,en,en
159,0,Nike Mercurial Victory V FG - White/Black/Volt/Total Orange@en  Nike Mens Soccer Cleats Firm Ground Orange @en,NIKE TIEMPO LEGACY II FG@en FG - MAN SOCCER SHOES Nike colour Black 819218 010 Athletic footwear apparel and sports equipment@en,en,en
661,0,Nike Sportswear Roshe Run - Wolf Grey / White@en  Nike Mens Shoes White @en,Nike Sportswear Roshe One - Black@en  Mens Shoes Nike Black 511881-010 @en,en,en
757,1,Concave Quantum + FG - White/Lime@en  Concave Mens Boots Firm Ground White/Lime @en,Concave Quantum + FG - Wit/Limoen@nl  Concave Heren Voetbalschoenen Ferme Grond Wit-Limoen @nl,en,en
143,0,Puma Suede Classic+ - Team Regal Red@en  Mens Shoes Puma Red 352634-05 @en,Puma Basket Classic LFS - White@en  Mens Shoes Puma white-white 354367-17 @en,en,en
291,0,Nike Flex 2016 Run - University Red/Black-Bright Crimson-White@en  Nike Crimson-White Mens Shoes 830369-601 @en,Nike Zoom Speed TR3 - Red/White/Black/Crimson@en  Nike Mens Shoes Gym Red/White/Black/Bright Crimson @en,en,en
22,0,Puma evoSPEED SL FG - Total Eclipse/Lava Blast/White@en  Puma Mens Boots Firm Ground Blast/White @en,Puma evoSPEED 1.4 Lth FG - Lava Blast/White/Total Eclipse@en  Puma 1 Mens Boots Firm Ground Eclipse @en,en,en
874,1,Asics Gel Kayano 24 Lite Show Mens Running Shoes - Black@en Black | Start Fitness@en,GEL-KAYANO 24 LITE-SHOW@en-nl LITE-SHOW | Men Road Running ASICS@en-nl,en,en
71,0,Nike Roshe One@en One Black 511881-026 - Purchaze@en,Nike Roshe One@en One Black Anthracite Sail 511881-010 - Purchaze@en,en,en
431,0,Nike Zoom Speed TR3 - Black/White@en  Mens Shoes Nike Black/White 804401-017 @en,Nike Nike Zoom Speed TR3 - Deep Royal Blue/White/Black@en  Mens Shoes Blue/White/Black 804401-414 @en,en,en
729,0,Nike Sportswear Womens Air Force 1 Hi SE - Black@en  Shoes Nike Black / Black-Dark Grey-Gum Med Brown 860544-002 @en,Nike Sportswear Air Force 1 07 - Black@en  Mens Shoes Nike Black 315122-001 @en,en,en
67,0,Nike Roshe One@en One Black Anthracite Sail 511881-010 - Purchaze@en,Nike Sportswear JDI Benassi - Midnight Navy@en-GB  Mens Shoes Nike Just Do It Navy 343880-403 @en-GB,en,en
768,0,Puma BOG Sock Core high risk red (362038-03)@eu (362038-03) | Bludshop.com@eu,Sneakers buty Puma R698 Core Leather black-black-drizzle (360601-02)@pl (360601-02) | Bludshop.com@pl,eu,eu
587,0,Nike Roshe One@en One Black 511881-026 - Purchaze@en,Nike Classic Cortez Leather@en Leather White Midnight Navy Gym Red 749571-146 - Purchaze@en,en,en
401,0,Nike Kids Mercurial Victory V FG - White/Black/Volt/Total Orange@en  Nike Junior Boots Firm Ground Orange @en,Nike Mercurial Victory V FG - White/Volt/Hyper Pink/Black@en  Mens Rugby Boots Nike Firm Ground Pink/Black 651632-170 @en,en,en
645,0,Nike Free RN - White/Black-Pure Platinum@en  Nike Platinum Mens Shoes 831508-101 @en,Nike Free RN - Black/White-Anthracite@en  Nike Black/White-Anthracite Mens Shoes 831508-001 @en,en,en
658,0,Puma Esito Classico FG - Black/White/Bronze@en  Puma Black/White/Bronze @en,Puma Esito Classico SG - Black/White/Bronze@en  Puma Black/White/Bronze @en,en,en
770,0,Nike Sportswear Boys Roshe One - Black@en  Shoes Nike Black / Cool Grey 599728-020 @en,Nike Roshe One@en One Wolf Grey White 511881-023 - Purchaze@en,en,en
701,0,ASICS Tiger GEL-Kayano Trainer Evo - Black@en  Mens Shoes ASICS Black HN6A0-9090 @en,ASICS GEL-Kayano Trainer Evo Chameleon - Gecko Green / Guava@en  Mens Shoes ASICS Tiger Guava HN6D0-8873 @en,en,en
107,0,Nike Air Vortex Leather@en Leather Navy White Black 918206-401 - Purchaze@en,Brassière de Sport Nike Pro Rival- Blanc/ Noir/ Noir@fr  brassiere sport femmes Rival - vetements course blanc-noir-noir @fr,en,en
596,1,Air Jordan 4 Retro “Pure Money” White/Metallic Silver-Pure Platinum 2017@en-US 2017 | 11 Legend Blue For Sale@en-US,Air Jordan 4 Retro “Pure Money” (#308497-100)@en-US (#308497-100) | SobeSoles.com@en-US,en-us,en-us
281,0,Nike Sportswear Air Force 1 Mid 07 - White@en  Mens Shoes Nike White / 315123-111 @en,Nike Sportswear Air Force 1 07 -Negro@es  Nike -Zapatillas para hombre-Negro @es,en,en
842,0,Puma evoSPEED 4.5 FG - Puma White/Puma Black/Shocking Orange@en  Orange Mens Soccer Cleats Firm Ground @en,Asics Gel-Zaraca 4 - Methyl Blue/Black/Silver@en  Asics Mens Shoes Blue/Black/Silver @en,en,en
724,1,Nike Air More Uptempo white / light brown (414962-103)@eu (414962-103) | Bludshop.com@eu,Sneakers buty Nike Air More Uptempo white / light brown (414962-103)@pl (414962-103) | Bludshop.com@pl,eu,eu
713,0,ASICS Tiger GEL-Kayano Trainer Knit MT - Black@en  Mens Shoes ASICS Black H7P4N-9090 @en,ASICS Tiger GEL-Kayano Trainer Evo Origami Pack - Black / Dark Grey@en  Mens Shoes ASICS Grey H621N-9016 @en,en,en
